label,x0,y0,z0,v0,x1,y1,z1,v1,x2,y2,z2,v2,x3,y3,z3,v3,x4,y4,z4,v4,x5,y5,z5,v5,x6,y6,z6,v6,x7,y7,z7,v7,x8,y8,z8,v8,x9,y9,z9,v9,x10,y10,z10,v10,x11,y11,z11,v11,x12,y12,z12,v12,x13,y13,z13,v13,x14,y14,z14,v14,x15,y15,z15,v15,x16,y16,z16,v16,x17,y17,z17,v17,x18,y18,z18,v18,x19,y19,z19,v19,x20,y20,z20,v20,x21,y21,z21,v21,x22,y22,z22,v22,x23,y23,z23,v23,x24,y24,z24,v24,x25,y25,z25,v25,x26,y26,z26,v26,x27,y27,z27,v27,x28,y28,z28,v28,x29,y29,z29,v29,x30,y30,z30,v30,x31,y31,z31,v31,x32,y32,z32,v32
2,0.4251786768436432,0.10734234005212784,-0.13905653357505798,0.9983630776405334,0.41967782378196716,0.08449521660804749,-0.12291580438613892,0.9972653388977051,0.4184204041957855,0.083656445145607,-0.12298760563135147,0.9973418712615967,0.41685962677001953,0.08289146423339844,-0.12302283942699432,0.9979019165039062,0.4173968732357025,0.08494769036769867,-0.17196133732795715,0.997566819190979,0.41473889350891113,0.08445140719413757,-0.17199888825416565,0.9975683093070984,0.41176000237464905,0.08410071581602097,-0.1720474511384964,0.997981071472168,0.3969731032848358,0.08644939213991165,-0.024060986936092377,0.9968648552894592,0.391284704208374,0.08923112601041794,-0.24456866085529327,0.997471034526825,0.4173427224159241,0.12463919818401337,-0.09560923278331757,0.9954795241355896,0.4141347408294678,0.12432882189750671,-0.1590641885995865,0.9977388978004456,0.36760520935058594,0.18628379702568054,0.14368535578250885,0.9979360699653625,0.35923412442207336,0.1796969473361969,-0.33064401149749756,0.9997026324272156,0.38292771577835083,0.3212895393371582,0.21751756966114044,0.04925880953669548,0.37327852845191956,0.333455890417099,-0.3330976366996765,0.9788209795951843,0.4605216979980469,0.2802962064743042,0.0830637738108635,0.19790561497211456,0.46749305725097656,0.2850857973098755,-0.2045939415693283,0.972421407699585,0.47964414954185486,0.27361857891082764,0.06616050004959106,0.25764524936676025,0.4884951114654541,0.27267393469810486,-0.23416344821453094,0.9622414708137512,0.47909015417099,0.2518172562122345,0.03594251722097397,0.2646592855453491,0.484102725982666,0.2503626346588135,-0.2273455411195755,0.9583256840705872,0.4717123508453369,0.25386151671409607,0.0624530129134655,0.2593429386615753,0.4776965081691742,0.25267544388771057,-0.19749441742897034,0.9294900298118591,0.34690243005752563,0.46545925736427307,0.1477780044078827,0.9913687705993652,0.3363937735557556,0.46685871481895447,-0.1476776897907257,0.9936529994010925,0.35522210597991943,0.6531373262405396,0.3073439598083496,0.396206796169281,0.35533657670021057,0.6759639978408813,-0.013674040324985981,0.9552870988845825,0.33275362849235535,0.8138021230697632,0.4932108521461487,0.5458903312683105,0.3352819085121155,0.86101895570755,0.14181604981422424,0.9405799508094788,0.3201841711997986,0.8394693732261658,0.5061955451965332,0.603485643863678,0.3206358253955841,0.8895622491836548,0.1521342694759369,0.901108980178833,0.3982440233230591,0.844215452671051,0.44691839814186096,0.7073808312416077,0.4007139801979065,0.9075348973274231,0.05175553634762764,0.9266572594642639
2,0.4230610430240631,0.10142578184604645,-0.12948077917099,0.9984771013259888,0.41667237877845764,0.07913046330213547,-0.11392350494861603,0.9974826574325562,0.4154431223869324,0.07835125178098679,-0.11399302631616592,0.9975391626358032,0.4139528274536133,0.07760945707559586,-0.11402078717947006,0.9980562329292297,0.4146193861961365,0.07961627840995789,-0.16208098828792572,0.9977577924728394,0.4121555685997009,0.07928664982318878,-0.16213929653167725,0.9977520108222961,0.4093337655067444,0.07906372845172882,-0.1622038334608078,0.9981376528739929,0.3949243128299713,0.08235793560743332,-0.014942144975066185,0.9970601797103882,0.3894471824169159,0.08513577282428741,-0.22929747402668,0.9976877570152283,0.4156801104545593,0.11918172985315323,-0.0862303078174591,0.9958874583244324,0.412780225276947,0.11867795884609222,-0.14818699657917023,0.9979338049888611,0.3699900507926941,0.1871642768383026,0.14895445108413696,0.9979923963546753,0.3556760549545288,0.17669488489627838,-0.3150518536567688,0.9997217059135437,0.3858128488063812,0.3190816342830658,0.16356192529201508,0.05094781517982483,0.37325817346572876,0.33312103152275085,-0.3119830787181854,0.979754626750946,0.4607223570346832,0.2816773056983948,-0.03990335762500763,0.20209595561027527,0.4672655165195465,0.280599445104599,-0.17191383242607117,0.9724181890487671,0.47961872816085815,0.27400484681129456,-0.06840362399816513,0.2618566155433655,0.4882635176181793,0.26919206976890564,-0.19637100398540497,0.9617200493812561,0.4782424867153168,0.2556973695755005,-0.09128329902887344,0.26914602518081665,0.48408088088035583,0.24727021157741547,-0.19275912642478943,0.9577205181121826,0.4711778163909912,0.2565900981426239,-0.05970190092921257,0.26401036977767944,0.4776884615421295,0.24976469576358795,-0.16492155194282532,0.9290590882301331,0.3503043055534363,0.46456488966941833,0.14549915492534637,0.9916992783546448,0.33643800020217896,0.4649927020072937,-0.14540919661521912,0.9939253926277161,0.3546636700630188,0.6533219814300537,0.29886168241500854,0.40009862184524536,0.3517453074455261,0.6763651371002197,-0.023479850962758064,0.9566206932067871,0.3318074345588684,0.8125945925712585,0.4814615845680237,0.5515784621238708,0.333771288394928,0.8606054186820984,0.12620273232460022,0.9425607323646545,0.31916624307632446,0.8367211818695068,0.4942360520362854,0.6101205348968506,0.31912630796432495,0.8896375298500061,0.1302359402179718,0.9041560292243958,0.39601439237594604,0.8440553545951843,0.4371239244937897,0.7150136828422546,0.40066957473754883,0.9075047373771667,0.009365350008010864,0.9297524690628052
2,0.4214792847633362,0.09883801639080048,-0.13093674182891846,0.9985812306404114,0.4148733615875244,0.07624942809343338,-0.11540520191192627,0.9976807236671448,0.41367894411087036,0.0755387470126152,-0.11547030508518219,0.9977208375930786,0.4122259020805359,0.07486801594495773,-0.11549659073352814,0.9981969594955444,0.4127642512321472,0.07684174180030823,-0.16390886902809143,0.9979305267333984,0.4102943539619446,0.07661866396665573,-0.16396212577819824,0.9979183673858643,0.4074366092681885,0.07649180293083191,-0.16402491927146912,0.9982778429985046,0.39353254437446594,0.07993832975625992,-0.015277968719601631,0.997234046459198,0.387747198343277,0.08258412033319473,-0.23161260783672333,0.9978833794593811,0.4143075942993164,0.11676986515522003,-0.08730413019657135,0.9962546825408936,0.4116363525390625,0.11609991639852524,-0.1497839093208313,0.9981087446212769,0.3704078197479248,0.1836126148700714,0.14885759353637695,0.9980669021606445,0.3536425232887268,0.17594502866268158,-0.315959632396698,0.9997389912605286,0.3852103352546692,0.3174188733100891,0.15077468752861023,0.05290098115801811,0.3732483685016632,0.3331306278705597,-0.31034427881240845,0.9804462790489197,0.4617850184440613,0.2796999514102936,-0.0711420401930809,0.20801666378974915,0.46707749366760254,0.2784683406352997,-0.16210535168647766,0.9723789691925049,0.4795530438423157,0.2740134000778198,-0.10317585617303848,0.26776495575904846,0.4882056713104248,0.26752370595932007,-0.1860697865486145,0.9612699747085571,0.47867530584335327,0.2541297972202301,-0.12701617181301117,0.2756149470806122,0.4836497902870178,0.24609771370887756,-0.18351075053215027,0.9572548270225525,0.47121158242225647,0.2549852132797241,-0.09201271831989288,0.2707597017288208,0.47704148292541504,0.24924467504024506,-0.15521737933158875,0.9287885427474976,0.35310161113739014,0.46157747507095337,0.14504018425941467,0.9920196533203125,0.3368605673313141,0.4617493748664856,-0.1449698805809021,0.9941739439964294,0.3547822833061218,0.6534737944602966,0.30288660526275635,0.4100721478462219,0.35058143734931946,0.6741697192192078,-0.02319459058344364,0.9583698511123657,0.33379045128822327,0.8122386336326599,0.48823022842407227,0.5646283626556396,0.3325769305229187,0.859028160572052,0.12326127290725708,0.9453418850898743,0.32097357511520386,0.8356189727783203,0.5006542205810547,0.6218482255935669,0.317144513130188,0.8898549675941467,0.1297490894794464,0.9080770015716553,0.3961215019226074,0.8437896966934204,0.4363190531730652,0.7268224954605103,0.4002184271812439,0.9071747660636902,0.013742484152317047,0.933479905128479
2,0.41773563623428345,0.09457984566688538,-0.12870725989341736,0.9986789226531982,0.4105035364627838,0.07147354632616043,-0.11304010450839996,0.9978610873222351,0.4093182682991028,0.07101405411958694,-0.11310459673404694,0.9978860020637512,0.4079350531101227,0.0706310048699379,-0.11313530057668686,0.9983273148536682,0.4083930552005768,0.07203751057386398,-0.16116273403167725,0.9980891942977905,0.40588435530662537,0.07202605158090591,-0.1612124741077423,0.9980705380439758,0.4029863476753235,0.07212036103010178,-0.16127415001392365,0.9984071850776672,0.38957005739212036,0.07744967192411423,-0.013383259065449238,0.9974008202552795,0.3838627338409424,0.07966074347496033,-0.22764000296592712,0.9980605244636536,0.4106985628604889,0.11414161324501038,-0.08531085401773453,0.9965844750404358,0.4081663489341736,0.11317369341850281,-0.14722588658332825,0.9982661604881287,0.3704227805137634,0.18365217745304108,0.14868256449699402,0.998115062713623,0.35081392526626587,0.1763012558221817,-0.3130648136138916,0.9997518062591553,0.3830147385597229,0.31397008895874023,0.16825225949287415,0.05376661941409111,0.3714779019355774,0.33197280764579773,-0.31640180945396423,0.9811347126960754,0.4616956114768982,0.2760595381259918,-0.018354404717683792,0.2136749029159546,0.4663272500038147,0.2789015769958496,-0.18375562131404877,0.9721912145614624,0.4789017140865326,0.27018481492996216,-0.04558982700109482,0.27446627616882324,0.4869998097419739,0.26787951588630676,-0.21098482608795166,0.9607234001159668,0.47730952501296997,0.25146710872650146,-0.07202716916799545,0.282728910446167,0.48195162415504456,0.24746893346309662,-0.2065340280532837,0.9566476345062256,0.4686073362827301,0.2518099844455719,-0.03921923413872719,0.2777153253555298,0.4749644696712494,0.25025489926338196,-0.176991805434227,0.9282814860343933,0.3553231954574585,0.4624881148338318,0.14374321699142456,0.9923946261405945,0.33692264556884766,0.4639625549316406,-0.14367523789405823,0.9944029450416565,0.3556751310825348,0.6537452340126038,0.2982483208179474,0.4220924377441406,0.35042959451675415,0.6745478510856628,-0.007312866859138012,0.9598701596260071,0.33585137128829956,0.8124182224273682,0.48242974281311035,0.5784269571304321,0.3324738144874573,0.8581990003585815,0.1560407131910324,0.947528064250946,0.3222213685512543,0.8357149362564087,0.4955202043056488,0.6344937086105347,0.3170132637023926,0.8895738124847412,0.1666608452796936,0.9109461307525635,0.39972609281539917,0.8455491662025452,0.42424821853637695,0.7379732728004456,0.39979979395866394,0.9069730639457703,0.05359004810452461,0.9364129304885864
2,0.4163249433040619,0.09302447736263275,-0.13039825856685638,0.9987558722496033,0.40916958451271057,0.07085098326206207,-0.11479347944259644,0.9980117082595825,0.4080900549888611,0.07046624273061752,-0.11486142873764038,0.9980207681655884,0.4067913889884949,0.0701332613825798,-0.11489664018154144,0.9984341263771057,0.4067665636539459,0.07131914049386978,-0.16304025053977966,0.9982208609580994,0.4041309952735901,0.07127571105957031,-0.16308939456939697,0.9981935024261475,0.4010597765445709,0.07128968834877014,-0.16315396130084991,0.9985126852989197,0.3885290026664734,0.07707211375236511,-0.014963616617023945,0.9975259900093079,0.38190722465515137,0.07861433178186417,-0.2298576533794403,0.998211681842804,0.4097204804420471,0.11298182606697083,-0.08691515028476715,0.9968740940093994,0.406690776348114,0.1121525913476944,-0.14899425208568573,0.9984016418457031,0.3708699345588684,0.1824985146522522,0.14823469519615173,0.9981651902198792,0.3484136462211609,0.17525966465473175,-0.3152741491794586,0.9997647404670715,0.3819190263748169,0.312348335981369,0.15955330431461334,0.05493078753352165,0.3697490692138672,0.33161190152168274,-0.317299485206604,0.9817489385604858,0.46075430512428284,0.2724238932132721,-0.051637761294841766,0.2184985727071762,0.4661567211151123,0.27625757455825806,-0.1815986931324005,0.972346842288971,0.4782176911830902,0.2667468786239624,-0.08365541696548462,0.2805124819278717,0.48611217737197876,0.2665040194988251,-0.20998315513134003,0.9606742858886719,0.47702398896217346,0.24880476295948029,-0.11081744730472565,0.2891607880592346,0.4811127185821533,0.2474379986524582,-0.20700421929359436,0.9565914869308472,0.46782994270324707,0.24932748079299927,-0.07371584326028824,0.28457480669021606,0.47416821122169495,0.2499074637889862,-0.17524753510951996,0.9285212159156799,0.3567817509174347,0.46120503544807434,0.1438330113887787,0.992710292339325,0.3370620310306549,0.4635469615459442,-0.1437641680240631,0.9945738911628723,0.3566388487815857,0.653786301612854,0.30350324511528015,0.4265586733818054,0.35191190242767334,0.674893319606781,0.0007209149189293385,0.960448682308197,0.33680278062820435,0.8114038109779358,0.49336934089660645,0.583024799823761,0.33268842101097107,0.8562515377998352,0.17530937492847443,0.9485268592834473,0.3227432072162628,0.8357093930244446,0.5065202713012695,0.6401287913322449,0.3167347013950348,0.8888591527938843,0.18755421042442322,0.9122118949890137,0.4019657075405121,0.84492027759552,0.4367125630378723,0.7438468933105469,0.399448037147522,0.9068644642829895,0.07524387538433075,0.9382749795913696
2,0.4148123860359192,0.09308699518442154,-0.13088443875312805,0.9988399147987366,0.40775394439697266,0.07098360359668732,-0.11490868031978607,0.9981652498245239,0.40677469968795776,0.07055366039276123,-0.11497455835342407,0.998163640499115,0.4055841863155365,0.0701402872800827,-0.11499927192926407,0.9985469579696655,0.40514349937438965,0.07160084694623947,-0.16330501437187195,0.9983549118041992,0.40239715576171875,0.07159817218780518,-0.16334973275661469,0.998321533203125,0.3991716802120209,0.07156132906675339,-0.163422629237175,0.9986206889152527,0.387342631816864,0.0764261856675148,-0.016829602420330048,0.9976792931556702,0.3799903988838196,0.07815878093242645,-0.23169104754924774,0.9983586072921753,0.4084542691707611,0.1130436509847641,-0.08756034821271896,0.9971469044685364,0.4050663113594055,0.112119659781456,-0.150003120303154,0.9985328912734985,0.37087634205818176,0.18181580305099487,0.1480901837348938,0.9982341527938843,0.3482380211353302,0.1767793446779251,-0.31594929099082947,0.9997769594192505,0.37647849321365356,0.312554270029068,0.15339618921279907,0.05673971772193909,0.3677293658256531,0.33387914299964905,-0.3141213357448578,0.9823487997055054,0.459071546792984,0.2718295753002167,-0.056215800344944,0.22755955159664154,0.46440792083740234,0.2800503969192505,-0.18353892862796783,0.9728765487670898,0.4771757125854492,0.2660471498966217,-0.08834368735551834,0.29083868861198425,0.48496732115745544,0.26965299248695374,-0.21269457042217255,0.9612420201301575,0.4743553102016449,0.24843713641166687,-0.11540807783603668,0.2997700273990631,0.47955065965652466,0.2509308159351349,-0.2097136676311493,0.9572347402572632,0.4643835127353668,0.2490980625152588,-0.07802239805459976,0.2950267791748047,0.4722350239753723,0.2534071207046509,-0.1773878037929535,0.929724395275116,0.3568814992904663,0.46021270751953125,0.14282646775245667,0.9930382966995239,0.33710816502571106,0.4635613262653351,-0.14277197420597076,0.9947459101676941,0.35800501704216003,0.6544162034988403,0.3027455806732178,0.4388924241065979,0.3513055741786957,0.675385057926178,0.007435988634824753,0.961311936378479,0.33718428015708923,0.8122665882110596,0.49437016248703003,0.5941170454025269,0.3323613703250885,0.8560057878494263,0.18841423094272614,0.9497007727622986,0.32293397188186646,0.8379238843917847,0.5076231360435486,0.6497186422348022,0.3155161738395691,0.88893723487854,0.20155151188373566,0.9134434461593628,0.40506047010421753,0.8459674715995789,0.43933719396591187,0.7526977062225342,0.3982134163379669,0.9068347215652466,0.09150682389736176,0.9401746392250061
2,0.41355982422828674,0.09683230519294739,-0.13155369460582733,0.9988952875137329,0.40674924850463867,0.07425388693809509,-0.11575152724981308,0.9982836246490479,0.40582728385925293,0.07366878539323807,-0.11581580340862274,0.9982693195343018,0.4046841263771057,0.07305541634559631,-0.11584092676639557,0.9986283779144287,0.4040226340293884,0.07496460527181625,-0.16431501507759094,0.9984556436538696,0.40127032995224,0.07487836480140686,-0.16436079144477844,0.998413622379303,0.3980310559272766,0.0746660977602005,-0.16443122923374176,0.9986982941627502,0.3863113820552826,0.07835681736469269,-0.01662709005177021,0.997765302658081,0.37891289591789246,0.0801737830042839,-0.23275494575500488,0.9984771609306335,0.4072446823120117,0.11553148925304413,-0.08795402944087982,0.9973754286766052,0.4036617875099182,0.11428801715373993,-0.15062668919563293,0.9986402988433838,0.3706720769405365,0.1826084703207016,0.14748699963092804,0.998293399810791,0.3474729359149933,0.17913900315761566,-0.31675413250923157,0.9997878670692444,0.37637561559677124,0.31444090604782104,0.1345112919807434,0.05876767635345459,0.3671785295009613,0.33590665459632874,-0.309012234210968,0.982766330242157,0.4587506651878357,0.27103713154792786,-0.11029155552387238,0.2355918288230896,0.4635651111602783,0.2817360460758209,-0.1631135642528534,0.9732497334480286,0.47679609060287476,0.26503482460975647,-0.14754240214824677,0.29987862706184387,0.4843963086605072,0.27145451307296753,-0.18876269459724426,0.9615537524223328,0.474098265171051,0.24636054039001465,-0.17258155345916748,0.3089492917060852,0.47892242670059204,0.25229236483573914,-0.1867406964302063,0.957603931427002,0.46399790048599243,0.2466282844543457,-0.13240621984004974,0.3043379783630371,0.47151222825050354,0.2542629539966583,-0.1564914882183075,0.9305316805839539,0.35648778080940247,0.45978012681007385,0.14308910071849823,0.9932177066802979,0.3372211456298828,0.4633767902851105,-0.1430458128452301,0.9948263168334961,0.35800081491470337,0.6544609665870667,0.30345529317855835,0.44362694025039673,0.3531554639339447,0.6757610440254211,-0.002260529901832342,0.9610995650291443,0.33687224984169006,0.812303364276886,0.4945372939109802,0.5974178910255432,0.3322656750679016,0.85611891746521,0.16881948709487915,0.9498064517974854,0.32239842414855957,0.8379690647125244,0.5076069831848145,0.6542283296585083,0.3143976628780365,0.889809787273407,0.1810052990913391,0.913870096206665,0.40320879220962524,0.8468532562255859,0.4428289532661438,0.7561860680580139,0.39748623967170715,0.9071851372718811,0.08697818964719772,0.9409952163696289
2,0.41423147916793823,0.09872286021709442,-0.1318785399198532,0.9989423155784607,0.4073493480682373,0.07560177892446518,-0.11614120006561279,0.9983897805213928,0.40631985664367676,0.07486870139837265,-0.11620308458805084,0.9983676671981812,0.40505510568618774,0.07408492267131805,-0.11622472107410431,0.9987011551856995,0.40476077795028687,0.07639005035161972,-0.1650010645389557,0.9985417723655701,0.40203696489334106,0.07618347555398941,-0.16504645347595215,0.9984934329986572,0.39886513352394104,0.07583464682102203,-0.16511593759059906,0.9987620115280151,0.38642629981040955,0.07863733917474747,-0.01669803448021412,0.9978411793708801,0.3796030282974243,0.08059220761060715,-0.2360619753599167,0.9985790848731995,0.4075571894645691,0.11699701845645905,-0.08820714056491852,0.9975751042366028,0.4041399359703064,0.11568963527679443,-0.15127407014369965,0.9987336993217468,0.3693297505378723,0.18300573527812958,0.14773401618003845,0.9983668327331543,0.3480698764324188,0.18075205385684967,-0.3236653804779053,0.9997990727424622,0.3735552132129669,0.31684428453445435,0.13303431868553162,0.05875086039304733,0.36720770597457886,0.33761394023895264,-0.3079128861427307,0.9828669428825378,0.4559916853904724,0.2761619985103607,-0.11595790088176727,0.2376657873392105,0.46345409750938416,0.2836766541004181,-0.13840341567993164,0.9729134440422058,0.4754120409488678,0.26811710000038147,-0.15460781753063202,0.30321165919303894,0.48379629850387573,0.27269893884658813,-0.16116616129875183,0.9609906077384949,0.47180137038230896,0.2505990266799927,-0.17952296137809753,0.31255319714546204,0.47776657342910767,0.25393930077552795,-0.16151368618011475,0.9570944309234619,0.4622146189212799,0.251507431268692,-0.13845694065093994,0.30815401673316956,0.4706500172615051,0.2563440203666687,-0.1321573555469513,0.930176317691803,0.35643428564071655,0.4600522816181183,0.14614833891391754,0.9933941960334778,0.33798354864120483,0.464490681886673,-0.1461254060268402,0.9949650764465332,0.3578948378562927,0.6543696522712708,0.33290669322013855,0.4477480351924896,0.35464900732040405,0.6759436726570129,-0.008996669203042984,0.9612745046615601,0.33585673570632935,0.8101045489311218,0.5429587960243225,0.6008184552192688,0.33235645294189453,0.856192946434021,0.1440102756023407,0.950332760810852,0.32133787870407104,0.8360720872879028,0.5581094026565552,0.6586887240409851,0.31457239389419556,0.8924472332000732,0.154183492064476,0.9149854779243469,0.40255898237228394,0.8435307145118713,0.5023926496505737,0.7597739100456238,0.3984469473361969,0.90545654296875,0.04712371900677681,0.9421149492263794
2,0.4146590828895569,0.0988902896642685,-0.13218089938163757,0.998978316783905,0.40776628255844116,0.07620670646429062,-0.1165539026260376,0.9984821081161499,0.40668612718582153,0.07538991421461105,-0.11661708354949951,0.9984490871429443,0.4053545594215393,0.07450398057699203,-0.1166410818696022,0.9987651109695435,0.4052514135837555,0.07722533494234085,-0.16546133160591125,0.9986166954040527,0.40254077315330505,0.07707972824573517,-0.16550646722316742,0.9985575675964355,0.39940279722213745,0.076772041618824,-0.16557496786117554,0.998816728591919,0.38622722029685974,0.07980075478553772,-0.01696677878499031,0.997914731502533,0.38002002239227295,0.08217962831258774,-0.237849622964859,0.998666524887085,0.4079398512840271,0.11696664988994598,-0.08869732916355133,0.9977516531944275,0.40455350279808044,0.11593223363161087,-0.1516801416873932,0.9988149404525757,0.3682249188423157,0.18440116941928864,0.1473822295665741,0.998417854309082,0.34855297207832336,0.18228425085544586,-0.3255888521671295,0.9998064041137695,0.37239938974380493,0.31840580701828003,0.14845654368400574,0.059293776750564575,0.36751416325569153,0.3387252390384674,-0.3087558150291443,0.9828671813011169,0.4558303952217102,0.27835986018180847,-0.06137232109904289,0.2427888810634613,0.4639431834220886,0.28548702597618103,-0.1530599296092987,0.9727617502212524,0.47527456283569336,0.271080881357193,-0.09337306022644043,0.30950161814689636,0.48412567377090454,0.274525910615921,-0.1788770854473114,0.960883378982544,0.4718049466609955,0.25312963128089905,-0.12086939811706543,0.31914791464805603,0.47796565294265747,0.25550493597984314,-0.17769941687583923,0.9570782780647278,0.4627651274204254,0.25413286685943604,-0.08341608941555023,0.3146907091140747,0.47102218866348267,0.25784632563591003,-0.1470763087272644,0.9304909110069275,0.3542522192001343,0.46079641580581665,0.14645163714885712,0.9935721158981323,0.3380216956138611,0.46504107117652893,-0.14641207456588745,0.9950864911079407,0.3585737347602844,0.6542336940765381,0.32912352681159973,0.4509526193141937,0.3555089235305786,0.6758667826652527,-0.011462612077593803,0.961279034614563,0.33592671155929565,0.8101412057876587,0.5342773795127869,0.6042942404747009,0.33264264464378357,0.8565036058425903,0.1443399041891098,0.9507399201393127,0.3217781186103821,0.8361604809761047,0.548984944820404,0.6627099514007568,0.3146030902862549,0.8934024572372437,0.15486016869544983,0.9160007238388062,0.40260425209999084,0.8435052633285522,0.4928223192691803,0.7632396817207336,0.39936524629592896,0.9046028852462769,0.04730012267827988,0.9430058598518372
2,0.4148584306240082,0.1002672091126442,-0.13652478158473969,0.9989923238754272,0.40807265043258667,0.07763659209012985,-0.12046076357364655,0.9985422492027283,0.4069770872592926,0.07684023678302765,-0.12053485959768295,0.9984934329986572,0.4056292176246643,0.07598607987165451,-0.12057168781757355,0.9988029599189758,0.4055837094783783,0.07860494405031204,-0.1702587902545929,0.9986627101898193,0.4028802812099457,0.07844765484333038,-0.17030547559261322,0.9985876679420471,0.39975109696388245,0.0781465545296669,-0.17037388682365417,0.9988457560539246,0.38636550307273865,0.08122486621141434,-0.020812587812542915,0.9979357123374939,0.38033217191696167,0.08344120532274246,-0.2449292689561844,0.9987267851829529,0.4080100655555725,0.11847913265228271,-0.09302443265914917,0.9978885650634766,0.4047152101993561,0.1175132766366005,-0.15736906230449677,0.9988732933998108,0.36704039573669434,0.18508067727088928,0.1469998061656952,0.9984545111656189,0.3487866520881653,0.18280814588069916,-0.3356966972351074,0.9998118877410889,0.3716369569301605,0.3194521367549896,0.16834105551242828,0.05968818441033363,0.36769819259643555,0.33897140622138977,-0.31881457567214966,0.9828763008117676,0.4544660449028015,0.27901002764701843,-0.01878323405981064,0.2468593418598175,0.4644257426261902,0.28631749749183655,-0.16663913428783417,0.9726132154464722,0.47424525022506714,0.27277082204818726,-0.048206597566604614,0.3144094944000244,0.48420634865760803,0.27469509840011597,-0.18838244676589966,0.9607311487197876,0.4715389311313629,0.2543722689151764,-0.07991693913936615,0.32425546646118164,0.4782015383243561,0.2556471526622772,-0.1831732988357544,0.9570095539093018,0.4622410833835602,0.25545626878738403,-0.04206937924027443,0.31983810663223267,0.4715456962585449,0.2582458555698395,-0.1593725085258484,0.9305799007415771,0.35125264525413513,0.46153488755226135,0.14915268123149872,0.9937413334846497,0.33709728717803955,0.4657604396343231,-0.1490713655948639,0.9951781630516052,0.35893306136131287,0.6537672877311707,0.3433729410171509,0.44913023710250854,0.35671159625053406,0.6759147644042969,-0.007772744633257389,0.9606173038482666,0.33624380826950073,0.8100534081459045,0.5614380240440369,0.6010417938232422,0.33366498351097107,0.8569687604904175,0.17064353823661804,0.9501195549964905,0.32209885120391846,0.8362205624580383,0.577806293964386,0.6618995666503906,0.31470805406570435,0.8939803838729858,0.18413189053535461,0.9152317047119141,0.4024541974067688,0.8434255719184875,0.5231789350509644,0.7629076242446899,0.40055298805236816,0.9046027064323425,0.07589824497699738,0.9429906606674194
2,0.4151076674461365,0.12913331389427185,-0.14309385418891907,0.9990508556365967,0.408202588558197,0.1081632748246193,-0.1284850388765335,0.9986340403556824,0.40707024931907654,0.10722425580024719,-0.12856687605381012,0.9985781311988831,0.40567535161972046,0.10627603530883789,-0.1286245584487915,0.9988734126091003,0.40577229857444763,0.10878996551036835,-0.1760527789592743,0.998746395111084,0.40311527252197266,0.10849496722221375,-0.17608730494976044,0.9986687898635864,0.40001997351646423,0.10840246826410294,-0.17613117396831512,0.9989149570465088,0.38656890392303467,0.11075042188167572,-0.03718487173318863,0.9980607628822327,0.38052898645401,0.11588139832019806,-0.2508346438407898,0.998813271522522,0.40825358033180237,0.14956945180892944,-0.1027602106332779,0.9980459809303284,0.4047624468803406,0.14990252256393433,-0.1645480990409851,0.9989553093910217,0.3649745583534241,0.21079258620738983,0.11928506195545197,0.9985033273696899,0.35350126028060913,0.2118603140115738,-0.33590826392173767,0.9998186230659485,0.3709273040294647,0.3461962342262268,0.17342588305473328,0.059437744319438934,0.3711284399032593,0.36187544465065,-0.3245857059955597,0.9828662872314453,0.4480462074279785,0.3120456039905548,0.040490202605724335,0.24266652762889862,0.46447429060935974,0.31105878949165344,-0.19713951647281647,0.9710484147071838,0.46901649236679077,0.29929468035697937,0.01709822192788124,0.30997857451438904,0.483856201171875,0.30094847083091736,-0.23087437450885773,0.9587567448616028,0.46723851561546326,0.28171679377555847,-0.010769649408757687,0.3196466565132141,0.47826582193374634,0.2806309461593628,-0.22761046886444092,0.9549946188926697,0.4601553976535797,0.2831871211528778,0.020841090008616447,0.31502702832221985,0.4717558026313782,0.2833503484725952,-0.1929796189069748,0.9278996586799622,0.34796684980392456,0.48477068543434143,0.14581330120563507,0.9941729307174683,0.33668309450149536,0.49845215678215027,-0.14568045735359192,0.9954878687858582,0.37575581669807434,0.657211422920227,0.33948245644569397,0.44843214750289917,0.37566524744033813,0.6838524341583252,0.02896880730986595,0.9615389704704285,0.35338732600212097,0.8135753273963928,0.5546897053718567,0.6003721952438354,0.334826797246933,0.8616061806678772,0.24658305943012238,0.9504358172416687,0.3341304659843445,0.8467974066734314,0.5718213319778442,0.6612102389335632,0.31483936309814453,0.8951348662376404,0.2652345597743988,0.9139957427978516,0.41270318627357483,0.8453986048698425,0.5251284837722778,0.7654709815979004,0.4005647301673889,0.9056422114372253,0.17775006592273712,0.9435158967971802
2,0.4151620864868164,0.1437215954065323,-0.14139391481876373,0.999060869216919,0.4083288609981537,0.1232769712805748,-0.1279081553220749,0.9986576437950134,0.4072414040565491,0.1223309338092804,-0.12799718976020813,0.9985902309417725,0.40586861968040466,0.12134621292352676,-0.12806902825832367,0.9988910555839539,0.40590277314186096,0.12395574152469635,-0.1744903326034546,0.9987708926200867,0.4032638669013977,0.12356224656105042,-0.1745251715183258,0.9986788630485535,0.4001995027065277,0.12329281121492386,-0.17458027601242065,0.9989275336265564,0.38673311471939087,0.1265617161989212,-0.03681708872318268,0.9980988502502441,0.3807239234447479,0.13095059990882874,-0.24971845746040344,0.9988365769386292,0.4083843231201172,0.1654709428548813,-0.10179118812084198,0.9981178045272827,0.40490204095840454,0.16579313576221466,-0.16439059376716614,0.9989879727363586,0.3640608489513397,0.22601088881492615,0.11906217038631439,0.9985008239746094,0.35607486963272095,0.22819824516773224,-0.3352546989917755,0.9998183250427246,0.371040016412735,0.3597230315208435,0.1799367517232895,0.05949314683675766,0.3746340572834015,0.37545281648635864,-0.3240797519683838,0.9823417067527771,0.44528383016586304,0.32797083258628845,0.06612352281808853,0.24041779339313507,0.46457570791244507,0.3271207809448242,-0.20137004554271698,0.9692180752754211,0.4665258526802063,0.31421127915382385,0.048871856182813644,0.3067217767238617,0.4836357533931732,0.31814709305763245,-0.23408666253089905,0.9563683867454529,0.46531158685684204,0.29708507657051086,0.022853638976812363,0.3160352110862732,0.47877758741378784,0.29711076617240906,-0.2288983166217804,0.9524847865104675,0.45915406942367554,0.2983386814594269,0.04814976826310158,0.31130531430244446,0.47237539291381836,0.29969942569732666,-0.19633924961090088,0.92454993724823,0.3436272144317627,0.49424728751182556,0.14426928758621216,0.9943476319313049,0.33573824167251587,0.5103976726531982,-0.14408466219902039,0.9956085681915283,0.38543274998664856,0.6579682230949402,0.3328703045845032,0.44119560718536377,0.38648077845573425,0.6881063580513,0.015874136239290237,0.9609884023666382,0.3574616611003876,0.8135192394256592,0.5404525399208069,0.5874727368354797,0.3369414210319519,0.8643167614936829,0.2044508010149002,0.9475254416465759,0.3362142741680145,0.8473974466323853,0.5565221309661865,0.6482592225074768,0.3162473142147064,0.8951557278633118,0.21997208893299103,0.9086776971817017,0.41293200850486755,0.8439009189605713,0.5141259431838989,0.7568178772926331,0.4011039733886719,0.9074124693870544,0.13266108930110931,0.9408601522445679
2,0.4175267219543457,0.15363599359989166,-0.14536337554454803,0.9990701079368591,0.40995779633522034,0.13329118490219116,-0.13008037209510803,0.9986474514007568,0.4086570739746094,0.13242799043655396,-0.13017995655536652,0.9985772371292114,0.4070529341697693,0.13154388964176178,-0.13027893006801605,0.9988887906074524,0.4079440236091614,0.13422450423240662,-0.17818504571914673,0.998780369758606,0.4053065776824951,0.13403668999671936,-0.17820748686790466,0.9986903071403503,0.40212416648864746,0.13395647704601288,-0.178279310464859,0.9989358186721802,0.3867945075035095,0.13884788751602173,-0.03729882463812828,0.9981318116188049,0.3812634348869324,0.14352399110794067,-0.2547153830528259,0.9988382458686829,0.40994763374328613,0.17678198218345642,-0.1047057956457138,0.998119592666626,0.4063246250152588,0.1776968538761139,-0.16822688281536102,0.9989824295043945,0.36430418491363525,0.24090461432933807,0.12194427102804184,0.9984607696533203,0.3574965298175812,0.24211439490318298,-0.3375866711139679,0.9998068809509277,0.37187957763671875,0.37034937739372253,0.2579370439052582,0.059387437999248505,0.37475109100341797,0.3853779137134552,-0.40117162466049194,0.9820753931999207,0.4464290738105774,0.334075927734375,0.242122620344162,0.2351100593805313,0.4652060568332672,0.3366956412792206,-0.3991873860359192,0.9692480564117432,0.4682438373565674,0.32410457730293274,0.24432680010795593,0.2995535433292389,0.4845825731754303,0.3304857611656189,-0.45065075159072876,0.9565639495849609,0.46712183952331543,0.3074776232242584,0.21030780673027039,0.30874258279800415,0.48164206743240356,0.30922597646713257,-0.43445438146591187,0.9525943398475647,0.46130919456481934,0.3120766878128052,0.2243209332227707,0.304209440946579,0.4758942723274231,0.3104270398616791,-0.39333683252334595,0.9239702820777893,0.34391143918037415,0.5063574314117432,0.14355632662773132,0.9946206212043762,0.3357689380645752,0.5221401453018188,-0.1433626115322113,0.9957747459411621,0.3926331400871277,0.6609130501747131,0.3320407569408417,0.43457767367362976,0.3932204246520996,0.6905072927474976,0.021728716790676117,0.9600443840026855,0.3595905601978302,0.8159054517745972,0.5530993342399597,0.5767530798912048,0.3391600251197815,0.865900456905365,0.24398060142993927,0.9454624652862549,0.33750003576278687,0.8531891107559204,0.5721081495285034,0.6378839612007141,0.3186560869216919,0.8953012228012085,0.2639961540699005,0.9052525162696838,0.4138943552970886,0.8482744097709656,0.533248782157898,0.7502955198287964,0.40221983194351196,0.9074155688285828,0.1882106065750122,0.9387699961662292
2,0.4192953109741211,0.16384612023830414,-0.14488506317138672,0.9990326762199402,0.41097670793533325,0.14317664504051208,-0.12965324521064758,0.998572826385498,0.40948033332824707,0.14226481318473816,-0.12974952161312103,0.9985002875328064,0.40771955251693726,0.14126698672771454,-0.12984684109687805,0.9988404512405396,0.4092174470424652,0.1442440301179886,-0.1779598444700241,0.998723030090332,0.40655961632728577,0.14418712258338928,-0.17798307538032532,0.9986261129379272,0.40336307883262634,0.14420554041862488,-0.1780591458082199,0.9988817572593689,0.3868957757949829,0.1497780978679657,-0.039063844829797745,0.9980695843696594,0.381838858127594,0.1539962887763977,-0.2567354142665863,0.9987777471542358,0.41131171584129333,0.18492776155471802,-0.10465719550848007,0.9980117082595825,0.4080292582511902,0.18559019267559052,-0.16803039610385895,0.9989120960235596,0.36447107791900635,0.2515324056148529,0.12133656442165375,0.9984017610549927,0.3580680191516876,0.2534908950328827,-0.3377191722393036,0.9997879862785339,0.373876690864563,0.37826940417289734,0.2514180541038513,0.05964367091655731,0.37548041343688965,0.3982141613960266,-0.37104588747024536,0.9811046123504639,0.44863438606262207,0.34177228808403015,0.23054611682891846,0.23375743627548218,0.46499285101890564,0.35031387209892273,-0.29904478788375854,0.9681280851364136,0.469520628452301,0.3286362290382385,0.23209330439567566,0.29614880681037903,0.48457032442092896,0.3419075906276703,-0.3385695517063141,0.9551435708999634,0.4685286581516266,0.31372299790382385,0.20012220740318298,0.3051707446575165,0.48164063692092896,0.3218103349208832,-0.3275401294231415,0.9509934186935425,0.46258148550987244,0.3206535279750824,0.21319584548473358,0.3010675013065338,0.47587284445762634,0.32443666458129883,-0.29287928342819214,0.9212360978126526,0.3428013324737549,0.5092785954475403,0.14266815781593323,0.9947076439857483,0.33568134903907776,0.5252068638801575,-0.14245840907096863,0.995769202709198,0.39382603764533997,0.6628013849258423,0.31904473900794983,0.4243641793727875,0.3953455686569214,0.6927329897880554,0.020559199154376984,0.9578754901885986,0.3609507381916046,0.8161550760269165,0.5319528579711914,0.5632390379905701,0.3407571315765381,0.866459310054779,0.21722808480262756,0.9417600035667419,0.3386431336402893,0.8531728386878967,0.5514793992042542,0.6250052452087402,0.32050374150276184,0.8948078155517578,0.23525579273700714,0.9000416994094849,0.41401615738868713,0.8481082320213318,0.5186587572097778,0.7399311661720276,0.40226078033447266,0.9086736440658569,0.16016586124897003,0.9347701668739319
2,0.41997990012168884,0.1761918067932129,-0.15288753807544708,0.9990172982215881,0.41229963302612305,0.15524157881736755,-0.1385076940059662,0.9985131621360779,0.4108430743217468,0.1542871594429016,-0.13861030340194702,0.9984396696090698,0.4091259837150574,0.15312831103801727,-0.13873128592967987,0.9988004565238953,0.4102932810783386,0.15601517260074615,-0.18673571944236755,0.9986981153488159,0.40750670433044434,0.1557287573814392,-0.18676063418388367,0.9986053705215454,0.4041450023651123,0.1553972363471985,-0.18684452772140503,0.9988602995872498,0.3874608874320984,0.16026964783668518,-0.05033672973513603,0.9980481863021851,0.3822825253009796,0.16365714371204376,-0.2666614055633545,0.998731791973114,0.4117411971092224,0.19659656286239624,-0.11313031613826752,0.9978917837142944,0.4083542823791504,0.1973744034767151,-0.1761244237422943,0.9988455772399902,0.36489152908325195,0.2614889144897461,0.10707774013280869,0.9982507228851318,0.3579479157924652,0.2640882432460785,-0.34047263860702515,0.9997627139091492,0.3742227554321289,0.38405948877334595,0.2575300335884094,0.058560214936733246,0.37593206763267517,0.4075649678707123,-0.3959577679634094,0.9806491732597351,0.4532735347747803,0.3485340476036072,0.26008331775665283,0.23400117456912994,0.4663031995296478,0.3582742512226105,-0.38229942321777344,0.9687774181365967,0.47567304968833923,0.33586227893829346,0.2675374746322632,0.29710835218429565,0.4858474135398865,0.35148903727531433,-0.43064481019973755,0.9562206268310547,0.47673654556274414,0.32442042231559753,0.23008327186107635,0.3067896366119385,0.4827948212623596,0.33194437623023987,-0.4131333827972412,0.95216304063797,0.46692609786987305,0.3284686505794525,0.24208113551139832,0.3028298020362854,0.476797878742218,0.3332103192806244,-0.3756723999977112,0.9223557710647583,0.34404000639915466,0.5158235430717468,0.1376553475856781,0.9946567416191101,0.33543160557746887,0.5344554781913757,-0.13742902874946594,0.9957720637321472,0.4027412533760071,0.6626937985420227,0.3177773356437683,0.42334485054016113,0.39849215745925903,0.6949400305747986,0.016658414155244827,0.9572956562042236,0.37212660908699036,0.8100454211235046,0.5398834943771362,0.5554363131523132,0.3422144055366516,0.8663015961647034,0.23108962178230286,0.9406442046165466,0.35022151470184326,0.8375703692436218,0.5609523057937622,0.6176274418830872,0.32209593057632446,0.893458366394043,0.2513201832771301,0.8975783586502075,0.41620054841041565,0.8464087247848511,0.5392170548439026,0.734331488609314,0.40242108702659607,0.9090861082077026,0.18791323900222778,0.9327773451805115
2,0.4200146198272705,0.18554867804050446,-0.15250971913337708,0.9990217685699463,0.41239339113235474,0.1638447642326355,-0.13808542490005493,0.9984923005104065,0.410928338766098,0.16305549442768097,-0.13818348944187164,0.9984287023544312,0.40920504927635193,0.16209861636161804,-0.13828852772712708,0.9987944960594177,0.41039711236953735,0.16455520689487457,-0.18623057007789612,0.9987074136734009,0.40759366750717163,0.16427256166934967,-0.18626579642295837,0.9986223578453064,0.4042263925075531,0.1638423353433609,-0.18635860085487366,0.998870313167572,0.38770949840545654,0.1705162525177002,-0.050065964460372925,0.9980753064155579,0.382603257894516,0.17301765084266663,-0.2654208540916443,0.9987151622772217,0.41181039810180664,0.20602379739284515,-0.11287099123001099,0.9977900981903076,0.4084267020225525,0.2063700556755066,-0.17556682229042053,0.9988042116165161,0.3653780221939087,0.27194687724113464,0.1069331169128418,0.998150110244751,0.3584752082824707,0.2722029983997345,-0.34033483266830444,0.9997451305389404,0.3742298483848572,0.3933008015155792,0.2513182461261749,0.058066919445991516,0.37577584385871887,0.416814386844635,-0.416970431804657,0.9805981516838074,0.453421026468277,0.35839220881462097,0.24565871059894562,0.23459036648273468,0.46564850211143494,0.36953943967819214,-0.4424494802951813,0.9697996973991394,0.47615543007850647,0.3511475622653961,0.25350239872932434,0.2990736663341522,0.4855954647064209,0.36704766750335693,-0.4945164620876312,0.9578237533569336,0.4807276725769043,0.33477193117141724,0.21318471431732178,0.3093235194683075,0.4835607409477234,0.3449241816997528,-0.47509661316871643,0.9538893103599548,0.46952810883522034,0.33691900968551636,0.22668030858039856,0.30532941222190857,0.4773882329463959,0.34506312012672424,-0.43574562668800354,0.9245492815971375,0.34370702505111694,0.5231589078903198,0.13740625977516174,0.994623601436615,0.3349662721157074,0.5434983372688293,-0.13718707859516144,0.995774507522583,0.40785399079322815,0.6625320911407471,0.29587846994400024,0.4250744581222534,0.4035864472389221,0.694987416267395,-0.010105276480317116,0.9579890966415405,0.3729051351547241,0.7976294755935669,0.5058128833770752,0.5523830652236938,0.3437749147415161,0.866190493106842,0.19470864534378052,0.9408934712409973,0.3530048429965973,0.8311817646026611,0.5248236060142517,0.6126057505607605,0.3238879442214966,0.8930727243423462,0.2143898457288742,0.8971132636070251,0.41576069593429565,0.8359232544898987,0.5181406140327454,0.7320087552070618,0.4030548632144928,0.9087860584259033,0.15907447040081024,0.9326775670051575
2,0.4172144830226898,0.20399263501167297,-0.2481478452682495,0.9991044998168945,0.4122339189052582,0.17941133677959442,-0.2297382652759552,0.9986139535903931,0.4109640121459961,0.17836493253707886,-0.22977468371391296,0.9985500574111938,0.40973910689353943,0.17712906002998352,-0.22984309494495392,0.9988797307014465,0.40834373235702515,0.1804531067609787,-0.2648266851902008,0.9988186955451965,0.4045349657535553,0.18037177622318268,-0.26487651467323303,0.9987416863441467,0.39997759461402893,0.18031242489814758,-0.26494085788726807,0.9989675879478455,0.39118558168411255,0.18286794424057007,-0.1157824844121933,0.9982144236564636,0.3792552649974823,0.18847213685512543,-0.2732481360435486,0.9988178014755249,0.4109286665916443,0.22397734224796295,-0.19938400387763977,0.9978838562965393,0.40515604615211487,0.22373412549495697,-0.24444690346717834,0.9988695383071899,0.3656916320323944,0.2775508463382721,0.06761696934700012,0.9981575012207031,0.3586816191673279,0.28183281421661377,-0.3369835615158081,0.9997517466545105,0.3786846995353699,0.3910273313522339,0.2180113047361374,0.060979872941970825,0.3755856156349182,0.4262285828590393,-0.40331751108169556,0.980893075466156,0.45357146859169006,0.3659304082393646,0.20835933089256287,0.24743688106536865,0.46062564849853516,0.3826592266559601,-0.42873144149780273,0.9708673357963562,0.4760967195034027,0.3575745224952698,0.21690228581428528,0.3107454776763916,0.48021164536476135,0.37739935517311096,-0.47032657265663147,0.9590182900428772,0.47986286878585815,0.34412798285484314,0.18366332352161407,0.3210507929325104,0.47967466711997986,0.35469189286231995,-0.4568299353122711,0.9552664756774902,0.46928492188453674,0.34580814838409424,0.1928333342075348,0.31523433327674866,0.47356072068214417,0.3560170531272888,-0.42315787076950073,0.926751434803009,0.3436744213104248,0.5304410457611084,0.12862034142017365,0.9944257736206055,0.3357089161872864,0.5528754591941833,-0.12858803570270538,0.9958257079124451,0.40945178270339966,0.6624070405960083,0.268932044506073,0.4341924786567688,0.40676766633987427,0.6981927752494812,-0.047060269862413406,0.9592709541320801,0.375063955783844,0.7923970818519592,0.4581661820411682,0.5520380735397339,0.34436479210853577,0.8661211133003235,0.1134243831038475,0.9413380026817322,0.3550648093223572,0.8290471434593201,0.4739811420440674,0.6041446924209595,0.32409825921058655,0.8921099305152893,0.12830820679664612,0.8959044814109802,0.4153755307197571,0.8322677612304688,0.46513691544532776,0.7294253706932068,0.4030340313911438,0.9084365367889404,0.08913590759038925,0.9332514405250549
2,0.41541019082069397,0.21003358066082,-0.2559138238430023,0.9991790652275085,0.4118618965148926,0.18611359596252441,-0.23722830414772034,0.9987220168113708,0.4109618663787842,0.18507318198680878,-0.23726323246955872,0.9986590147018433,0.4099673330783844,0.1839437633752823,-0.23733198642730713,0.9989558458328247,0.4065101742744446,0.18780000507831573,-0.27223843336105347,0.9989168643951416,0.40228748321533203,0.18807676434516907,-0.2722882330417633,0.9988481402397156,0.39734870195388794,0.1883896440267563,-0.27234187722206116,0.9990538954734802,0.39330634474754333,0.18958903849124908,-0.12247137725353241,0.9983387589454651,0.3778456747531891,0.1967094987630844,-0.2768125534057617,0.9989106059074402,0.41067346930503845,0.22968512773513794,-0.20702102780342102,0.997965931892395,0.4035748839378357,0.23034319281578064,-0.25192975997924805,0.9989275932312012,0.3681129217147827,0.2862934172153473,0.06158054992556572,0.9981685280799866,0.3586278557777405,0.28973597288131714,-0.3354373276233673,0.9997541308403015,0.37863487005233765,0.41067248582839966,0.19752109050750732,0.06382723152637482,0.3751043677330017,0.4378681182861328,-0.3966774642467499,0.9813529253005981,0.4544445872306824,0.3765086531639099,0.18668299913406372,0.2624594271183014,0.46048030257225037,0.38968387246131897,-0.41279253363609314,0.9719824194908142,0.4805923104286194,0.37001121044158936,0.1934843361377716,0.32476145029067993,0.4804408550262451,0.3856222331523895,-0.45368456840515137,0.9602287411689758,0.48293495178222656,0.35643893480300903,0.16097018122673035,0.33512380719184875,0.47970595955848694,0.3643002510070801,-0.4383466839790344,0.9566235542297363,0.47253838181495667,0.35689905285835266,0.17103204131126404,0.3271302580833435,0.4736170768737793,0.36439910531044006,-0.40638837218284607,0.9289336800575256,0.3456853926181793,0.5369004607200623,0.12465488910675049,0.994282066822052,0.3360453248023987,0.5613445043563843,-0.12464264780282974,0.9958506226539612,0.41340333223342896,0.6644090414047241,0.25777170062065125,0.44169875979423523,0.4097638726234436,0.7026803493499756,-0.05085361748933792,0.9610068202018738,0.37442705035209656,0.8023339509963989,0.43277794122695923,0.5555922389030457,0.34589555859565735,0.8660857081413269,0.1097145527601242,0.9428829550743103,0.35345155000686646,0.8306998610496521,0.44711700081825256,0.6009098887443542,0.32680732011795044,0.8909281492233276,0.12503644824028015,0.8968222737312317,0.4160679280757904,0.8334093689918518,0.43528062105178833,0.72953200340271,0.4030206799507141,0.9080614447593689,0.08994083106517792,0.9346312880516052
2,0.41747942566871643,0.22790035605430603,-0.17789703607559204,0.9988340139389038,0.41276049613952637,0.20797699689865112,-0.1648147702217102,0.9980041980743408,0.4117588996887207,0.2070990651845932,-0.16491417586803436,0.9980161786079407,0.4105984568595886,0.20619530975818634,-0.16503247618675232,0.9984850883483887,0.40875300765037537,0.2090175449848175,-0.2079356163740158,0.9983527660369873,0.40545573830604553,0.20893359184265137,-0.20798055827617645,0.9982649683952332,0.4016534388065338,0.2089264839887619,-0.20810851454734802,0.9985745549201965,0.39316946268081665,0.21223458647727966,-0.09912000596523285,0.9977027177810669,0.38237830996513367,0.21674494445323944,-0.2745570242404938,0.9982126355171204,0.41207391023635864,0.2479884773492813,-0.14401258528232574,0.9967591166496277,0.4064653813838959,0.24942752718925476,-0.19913741946220398,0.9983937740325928,0.37462323904037476,0.3087392747402191,0.07661451399326324,0.9979565143585205,0.3582458794116974,0.31323423981666565,-0.3303186893463135,0.9997057318687439,0.3785051703453064,0.4366012513637543,0.18724124133586884,0.061364129185676575,0.37048766016960144,0.4611343741416931,-0.3557641804218292,0.980471134185791,0.4511924684047699,0.40849635004997253,0.15158073604106903,0.25220948457717896,0.4586353898048401,0.415529727935791,-0.3094286024570465,0.9704723358154297,0.4752485156059265,0.4129687547683716,0.15358233451843262,0.31500622630119324,0.47969159483909607,0.4133759140968323,-0.3473784327507019,0.9584153294563293,0.4827691912651062,0.3850594460964203,0.11910591274499893,0.32525816559791565,0.47957926988601685,0.39139553904533386,-0.3290901780128479,0.9546677470207214,0.472038209438324,0.38511785864830017,0.1348152607679367,0.3174276053905487,0.4734700620174408,0.3894512355327606,-0.30094021558761597,0.9254795908927917,0.34741777181625366,0.5473002195358276,0.126429945230484,0.993244469165802,0.3356223404407501,0.5726653337478638,-0.12630143761634827,0.9951295256614685,0.4236684739589691,0.6681833267211914,0.24575212597846985,0.4336705505847931,0.4161657691001892,0.7097322940826416,-0.05742020532488823,0.9608015418052673,0.3792148232460022,0.8027684092521667,0.428089439868927,0.5428638458251953,0.34621474146842957,0.8663051128387451,0.12677139043807983,0.9387351274490356,0.35791298747062683,0.8284733891487122,0.44432610273361206,0.58815997838974,0.3264423608779907,0.8903903961181641,0.14476518332958221,0.8905641436576843,0.4158787727355957,0.8309189081192017,0.4381449818611145,0.7139132618904114,0.4026741087436676,0.9064344763755798,0.09947879612445831,0.9282078742980957
2,0.4185294210910797,0.24101409316062927,-0.16490714251995087,0.9984757900238037,0.41389089822769165,0.21954575181007385,-0.152044415473938,0.9972494840621948,0.4129929542541504,0.2185181826353073,-0.15214654803276062,0.997316300868988,0.41188645362854004,0.21732577681541443,-0.1522616446018219,0.9979477524757385,0.4102068543434143,0.22054310142993927,-0.19570040702819824,0.9977882504463196,0.40711984038352966,0.22031326591968536,-0.19574928283691406,0.9977157711982727,0.40351375937461853,0.22009938955307007,-0.1958736926317215,0.9981180429458618,0.39334067702293396,0.22224988043308258,-0.09292221814393997,0.9969673752784729,0.3835136294364929,0.22794154286384583,-0.2702764868736267,0.9975473284721375,0.41293057799339294,0.26090559363365173,-0.13038894534111023,0.9953489899635315,0.4075680673122406,0.26272743940353394,-0.18642175197601318,0.9977808594703674,0.37611153721809387,0.31690070033073425,0.08079217374324799,0.9977098107337952,0.35659903287887573,0.32268601655960083,-0.3270067572593689,0.9996465444564819,0.38434678316116333,0.4357146918773651,0.19051975011825562,0.05987060070037842,0.3676573634147644,0.47110071778297424,-0.35174912214279175,0.9797741174697876,0.45088905096054077,0.4191496968269348,0.1519125998020172,0.24558137357234955,0.45810118317604065,0.42403900623321533,-0.30547282099723816,0.9696459174156189,0.4750896096229553,0.4154556691646576,0.1546456515789032,0.309479296207428,0.4796733260154724,0.41881799697875977,-0.34345272183418274,0.9573636054992676,0.4822227954864502,0.39511966705322266,0.11936254799365997,0.31982484459877014,0.47956982254981995,0.3987921476364136,-0.32538145780563354,0.9535407423973083,0.4715915620326996,0.393854022026062,0.1350368857383728,0.3120962679386139,0.47349363565444946,0.39797741174697876,-0.2970276176929474,0.9233177900314331,0.3474652171134949,0.5536535978317261,0.12683448195457458,0.9923599362373352,0.33427679538726807,0.5801820158958435,-0.1266586035490036,0.994442880153656,0.4283680319786072,0.6681388020515442,0.23444131016731262,0.4312594532966614,0.4195358157157898,0.7134398221969604,-0.06838847696781158,0.9611964225769043,0.3783594071865082,0.8047110438346863,0.41015857458114624,0.5388771891593933,0.34708207845687866,0.8663293719291687,0.11601811647415161,0.9373427033424377,0.35684171319007874,0.8292419910430908,0.4257289469242096,0.5822650790214539,0.3261856436729431,0.8897641897201538,0.13482919335365295,0.886984646320343,0.4157652258872986,0.8317867517471313,0.42143529653549194,0.7059767842292786,0.4026639461517334,0.9062064290046692,0.10443481057882309,0.9253277778625488
2,0.42009225487709045,0.2438175231218338,-0.1390952169895172,0.9982243776321411,0.4145021438598633,0.22302845120429993,-0.12604163587093353,0.9967389702796936,0.41354721784591675,0.22225122153759003,-0.1261378675699234,0.9968401789665222,0.4123648703098297,0.22139082849025726,-0.12623752653598785,0.9975777268409729,0.4112861752510071,0.22415436804294586,-0.16999445855617523,0.997355580329895,0.4083986282348633,0.22417068481445312,-0.17003437876701355,0.9972816109657288,0.4050220847129822,0.22411872446537018,-0.1701585054397583,0.9977748394012451,0.3936041295528412,0.22778411209583282,-0.05397012084722519,0.996467649936676,0.38542965054512024,0.23153655230998993,-0.24583573639392853,0.9971024394035339,0.41482025384902954,0.26329129934310913,-0.10441324859857559,0.9944333434104919,0.41023629903793335,0.26439985632896423,-0.16125665605068207,0.9974133968353271,0.3758165240287781,0.3251763880252838,0.09219331294298172,0.9975855350494385,0.3558236062526703,0.32603392004966736,-0.3139111399650574,0.9996151924133301,0.38057175278663635,0.4538689851760864,0.19237668812274933,0.05798351392149925,0.36656397581100464,0.47538086771965027,-0.3358244001865387,0.9787413477897644,0.4473135471343994,0.42448025941848755,0.15368588268756866,0.23719236254692078,0.4581271708011627,0.42994895577430725,-0.2729179263114929,0.967849612236023,0.46736302971839905,0.4213871359825134,0.15548357367515564,0.3018283247947693,0.47942987084388733,0.42392927408218384,-0.3078548014163971,0.9551929831504822,0.4717479646205902,0.4003368020057678,0.1217474490404129,0.31175845861434937,0.47929733991622925,0.4041900932788849,-0.289766401052475,0.9512209892272949,0.46488291025161743,0.40290024876594543,0.13723184168338776,0.30391064286231995,0.4732085168361664,0.40428486466407776,-0.2639245390892029,0.9195988178253174,0.3474661707878113,0.5576130747795105,0.1276915967464447,0.9910978674888611,0.33429020643234253,0.5838233828544617,-0.12751542031764984,0.9934567809104919,0.4321770668029785,0.6678895354270935,0.22729435563087463,0.4226208031177521,0.4238840639591217,0.7139911651611328,-0.08894141018390656,0.9603602290153503,0.3794713616371155,0.8075162172317505,0.3919411301612854,0.528217613697052,0.34684374928474426,0.8668820858001709,0.09162498265504837,0.9329819679260254,0.35797247290611267,0.8299323916435242,0.40593162178993225,0.5732064843177795,0.32572081685066223,0.8894903659820557,0.11049201339483261,0.8808725476264954,0.4150258004665375,0.8338137269020081,0.40095144510269165,0.6918349862098694,0.40258145332336426,0.9061172008514404,0.09023834764957428,0.9189406633377075
2,0.42007747292518616,0.2504173219203949,-0.14311271905899048,0.9973927140235901,0.41447457671165466,0.22918319702148438,-0.1299729198217392,0.9949963688850403,0.4135470390319824,0.22845576703548431,-0.13007193803787231,0.9952725768089294,0.4124208986759186,0.22772501409053802,-0.13017164170742035,0.9963146448135376,0.4112605154514313,0.2304230034351349,-0.1727292239665985,0.995973527431488,0.4083119034767151,0.23052312433719635,-0.17277871072292328,0.9959474802017212,0.40480905771255493,0.23067563772201538,-0.17290160059928894,0.996676504611969,0.3936891257762909,0.2351129800081253,-0.05340904742479324,0.9947436451911926,0.3849816918373108,0.23989851772785187,-0.24221937358379364,0.9953668117523193,0.4147736430168152,0.2702142596244812,-0.10771342366933823,0.9914171099662781,0.41016069054603577,0.2709698975086212,-0.16294923424720764,0.9959957003593445,0.3759859800338745,0.3280501663684845,0.0896652489900589,0.9972734451293945,0.35367363691329956,0.33055639266967773,-0.3090149164199829,0.9995520710945129,0.3775051236152649,0.4526365399360657,0.1890174299478531,0.05548165366053581,0.3644900918006897,0.48199406266212463,-0.3416999280452728,0.9780951738357544,0.43287140130996704,0.4420981705188751,0.14799143373966217,0.22491605579853058,0.45605045557022095,0.43769732117652893,-0.2839967608451843,0.9669449925422668,0.4388982355594635,0.459201455116272,0.14961376786231995,0.28951942920684814,0.47847628593444824,0.4327448606491089,-0.3229469060897827,0.9542583227157593,0.45263949036598206,0.42338186502456665,0.11632509529590607,0.29895010590553284,0.47897475957870483,0.41230452060699463,-0.3119555115699768,0.9502500295639038,0.44936639070510864,0.42153453826904297,0.13208064436912537,0.29118186235427856,0.47236618399620056,0.4127945899963379,-0.2785390317440033,0.9175928831100464,0.3474745452404022,0.5581445693969727,0.12634363770484924,0.9886866211891174,0.33311358094215393,0.5841932892799377,-0.1261482536792755,0.9919701814651489,0.4337127208709717,0.6629114747047424,0.204768106341362,0.414591521024704,0.4253215789794922,0.7135868668556213,-0.09781856834888458,0.9577709436416626,0.3793284595012665,0.8067529201507568,0.3661646246910095,0.5169355869293213,0.34668001532554626,0.8672758340835571,0.07293345034122467,0.9274864792823792,0.35764387249946594,0.8271862864494324,0.3798537254333496,0.562763512134552,0.3254459500312805,0.8888806104660034,0.09022219479084015,0.8723164200782776,0.41499215364456177,0.8344482779502869,0.3758069574832916,0.6762582063674927,0.4025856852531433,0.9060784578323364,0.06524843722581863,0.9109442830085754
2,0.42032694816589355,0.25653502345085144,-0.14722837507724762,0.996662437915802,0.4147038459777832,0.23578663170337677,-0.13414894044399261,0.9935703277587891,0.41383105516433716,0.23505088686943054,-0.13424959778785706,0.9939721822738647,0.41275984048843384,0.23431627452373505,-0.13435596227645874,0.9953304529190063,0.41150498390197754,0.2368500977754593,-0.1769636869430542,0.9947925806045532,0.40854042768478394,0.23680587112903595,-0.1770125776529312,0.9947168827056885,0.4049932062625885,0.2367860972881317,-0.17713269591331482,0.9956632256507874,0.394059956073761,0.24094441533088684,-0.05355069786310196,0.9934921860694885,0.38499003648757935,0.24470995366573334,-0.24517782032489777,0.9939931035041809,0.414832204580307,0.275787353515625,-0.11158587038516998,0.9891942739486694,0.41027650237083435,0.27637767791748047,-0.16688546538352966,0.9950218200683594,0.3763064742088318,0.33419427275657654,0.0826292634010315,0.9969667792320251,0.3512151837348938,0.335004061460495,-0.31139075756073,0.9994820952415466,0.3788927495479584,0.44997596740722656,0.18094055354595184,0.054919563233852386,0.36141911149024963,0.48796573281288147,-0.33418118953704834,0.9776276350021362,0.43649330735206604,0.43260014057159424,0.13519330322742462,0.220229834318161,0.455858051776886,0.44073304533958435,-0.28123897314071655,0.9665238261222839,0.44494420289993286,0.4298838973045349,0.13379444181919098,0.28660404682159424,0.4783390462398529,0.4344129264354706,-0.3161274194717407,0.9537434577941895,0.45402422547340393,0.4095227122306824,0.1012749895453453,0.29578420519828796,0.47866663336753845,0.41429486870765686,-0.30176645517349243,0.9497766494750977,0.45001617074012756,0.41042426228523254,0.11887781322002411,0.28828561305999756,0.47208791971206665,0.4148591160774231,-0.27387911081314087,0.916711151599884,0.3474684953689575,0.5588757395744324,0.12651313841342926,0.9862712621688843,0.3297961354255676,0.5855074524879456,-0.12630325555801392,0.9901756644248962,0.4378451704978943,0.6627500057220459,0.19457539916038513,0.4080571234226227,0.42586955428123474,0.7138221263885498,-0.1104993000626564,0.9559841752052307,0.3791219890117645,0.8067860007286072,0.3457643687725067,0.5060557126998901,0.3466578423976898,0.8678802251815796,0.04930705204606056,0.9229980707168579,0.35687047243118286,0.8270646929740906,0.35837095975875854,0.5519146919250488,0.32506734132766724,0.8887957334518433,0.06589064002037048,0.8665124177932739,0.4144381582736969,0.8358697891235352,0.3553656339645386,0.6595052480697632,0.4025132656097412,0.906136155128479,0.04506703466176987,0.9037275314331055
2,0.4200676381587982,0.257413774728775,-0.13303294777870178,0.9959779977798462,0.4143730700016022,0.23654069006443024,-0.11881772428750992,0.9922078847885132,0.4135303497314453,0.23577269911766052,-0.11893995106220245,0.9925662875175476,0.4124773442745209,0.23501038551330566,-0.11905039846897125,0.9942467212677002,0.41104206442832947,0.23767898976802826,-0.16131214797496796,0.9937512874603271,0.407911479473114,0.23763512074947357,-0.16135722398757935,0.9935199022293091,0.40419426560401917,0.23762209713459015,-0.1614808440208435,0.9947338700294495,0.3938874304294586,0.24287724494934082,-0.038529373705387115,0.9919140338897705,0.3844296336174011,0.24652250111103058,-0.22701390087604523,0.9929320812225342,0.4147050976753235,0.2768418490886688,-0.09787708520889282,0.9875572919845581,0.4101971983909607,0.27705925703048706,-0.15244783461093903,0.9944486021995544,0.381311297416687,0.3359261453151703,0.09109339863061905,0.9964916110038757,0.34894999861717224,0.33633241057395935,-0.29863008856773376,0.9994274973869324,0.3924860954284668,0.44671809673309326,0.1511518806219101,0.053873736411333084,0.3575425446033478,0.48691704869270325,-0.3279661536216736,0.9769273996353149,0.45035672187805176,0.43049418926239014,0.034030668437480927,0.21269555389881134,0.45402246713638306,0.4464569687843323,-0.2806699872016907,0.9649412035942078,0.4738227427005768,0.42889609932899475,0.01851341500878334,0.2803747355937958,0.476621150970459,0.4427717924118042,-0.3139825463294983,0.9517261981964111,0.47486400604248047,0.41189077496528625,-0.00941535271704197,0.28924402594566345,0.4777814745903015,0.42255815863609314,-0.30307823419570923,0.9476427435874939,0.46892017126083374,0.4127430021762848,0.016379786655306816,0.28263452649116516,0.47079387307167053,0.42239487171173096,-0.2740473449230194,0.9138113856315613,0.3520738482475281,0.5600662231445312,0.12690332531929016,0.9839982390403748,0.3282983899116516,0.5858655571937561,-0.12669573724269867,0.9885253310203552,0.43953976035118103,0.662977397441864,0.19081129133701324,0.39835983514785767,0.426719605922699,0.715444803237915,-0.12386784702539444,0.9538263082504272,0.3810567259788513,0.805940568447113,0.3328113257884979,0.49199554324150085,0.3465515673160553,0.8688755035400391,0.02412564866244793,0.917068362236023,0.357786625623703,0.8255347609519958,0.3439532220363617,0.5374991297721863,0.3248439133167267,0.8890257477760315,0.039142269641160965,0.8577395081520081,0.4140666127204895,0.8379727602005005,0.33671364188194275,0.6406816840171814,0.40246954560279846,0.9071188569068909,0.008918488398194313,0.8952052593231201
2,0.4199770987033844,0.24922309815883636,-0.1356523185968399,0.9941374063491821,0.41410064697265625,0.22899100184440613,-0.12185170501470566,0.9880748391151428,0.413405179977417,0.22826391458511353,-0.12206290662288666,0.9886081218719482,0.4124535620212555,0.22759400308132172,-0.12225738912820816,0.9912912845611572,0.4103204309940338,0.2302851527929306,-0.16617058217525482,0.990639328956604,0.4068567156791687,0.23053690791130066,-0.1662188172340393,0.9902713894844055,0.40278735756874084,0.23096348345279694,-0.1664258986711502,0.992087721824646,0.39419880509376526,0.23622697591781616,-0.043349288403987885,0.9885058403015137,0.38348907232284546,0.24126194417476654,-0.2371322363615036,0.9895736575126648,0.4147093892097473,0.26936766505241394,-0.10138040781021118,0.9838594794273376,0.41017284989356995,0.2703661322593689,-0.1575014591217041,0.9927763938903809,0.3834487199783325,0.3328891396522522,0.09008433669805527,0.9960090517997742,0.3478928208351135,0.3326314091682434,-0.31356531381607056,0.9993366003036499,0.4014874994754791,0.4481913447380066,0.16678307950496674,0.051979005336761475,0.35717564821243286,0.48237869143486023,-0.3597568869590759,0.9750515222549438,0.469778448343277,0.4575785994529724,0.08863351494073868,0.20061875879764557,0.45313143730163574,0.44199830293655396,-0.3406924605369568,0.9633114337921143,0.4882998466491699,0.45865434408187866,0.0820128470659256,0.26728489995002747,0.47670412063598633,0.4364871084690094,-0.38168662786483765,0.9501098990440369,0.49502143263816833,0.44199690222740173,0.05119182541966438,0.27586793899536133,0.4777672290802002,0.4165080487728119,-0.36629679799079895,0.9458388090133667,0.48831048607826233,0.44298067688941956,0.07148343324661255,0.2703060805797577,0.4706057906150818,0.41743987798690796,-0.3335232138633728,0.9108167886734009,0.35441213846206665,0.5581703782081604,0.13046956062316895,0.9822472333908081,0.3279058337211609,0.5829221606254578,-0.13027715682983398,0.9871277809143066,0.4415382742881775,0.6627333760261536,0.18613001704216003,0.39366286993026733,0.42608222365379333,0.7166045904159546,-0.12223543226718903,0.9507141709327698,0.38310542702674866,0.7942025661468506,0.36459776759147644,0.4829767942428589,0.34644633531570435,0.8693028688430786,0.0633712038397789,0.9131708741188049,0.3590594530105591,0.8098369836807251,0.3797534108161926,0.5292007327079773,0.32477766275405884,0.8892048001289368,0.08060520887374878,0.8522473573684692,0.4140862822532654,0.8337021470069885,0.3706994354724884,0.6256990432739258,0.4022088646888733,0.9076926708221436,0.04505832865834236,0.8883854746818542
2,0.41746950149536133,0.24402675032615662,-0.2420598715543747,0.9943581819534302,0.41297537088394165,0.22362156212329865,-0.2237652987241745,0.9884552359580994,0.4128679633140564,0.2228836715221405,-0.2238626778125763,0.9887918829917908,0.4123445451259613,0.2221975326538086,-0.22398260235786438,0.9912864565849304,0.40729254484176636,0.22482524812221527,-0.2599594295024872,0.991021990776062,0.40314722061157227,0.22504137456417084,-0.2600034177303314,0.9906615018844604,0.3982275724411011,0.22543072700500488,-0.26012009382247925,0.9924200177192688,0.39475303888320923,0.2297946661710739,-0.11727964878082275,0.9882398843765259,0.379626989364624,0.23471122980117798,-0.276901513338089,0.9899725914001465,0.41333213448524475,0.2637442648410797,-0.1975146234035492,0.9838812351226807,0.4069371223449707,0.26482123136520386,-0.24368146061897278,0.9929636120796204,0.38472750782966614,0.32816827297210693,0.04748624563217163,0.9954385757446289,0.34552210569381714,0.32856810092926025,-0.3339541554450989,0.9993000030517578,0.4077600836753845,0.4432050883769989,0.12110505998134613,0.05042314529418945,0.35524386167526245,0.47720175981521606,-0.39579087495803833,0.9743486642837524,0.4802411198616028,0.4392724931240082,0.0211362075060606,0.19318844377994537,0.44967764616012573,0.4359200596809387,-0.40383201837539673,0.9630051255226135,0.5007915496826172,0.4386235177516937,0.008058593608438969,0.2588084638118744,0.47466954588890076,0.43039390444755554,-0.4447253346443176,0.949357807636261,0.4943379759788513,0.42161795496940613,-0.018678415566682816,0.26701223850250244,0.4756651818752289,0.4100712835788727,-0.430756151676178,0.9449551105499268,0.4879732131958008,0.4249591827392578,0.004635774530470371,0.26218169927597046,0.46752530336380005,0.41092491149902344,-0.3968164920806885,0.9095296263694763,0.35814088582992554,0.5557634234428406,0.12871721386909485,0.9811546206474304,0.3281495273113251,0.5802493691444397,-0.12862588465213776,0.986674964427948,0.43804389238357544,0.6627748012542725,0.18730704486370087,0.38795456290245056,0.42421579360961914,0.7157853841781616,-0.10949687659740448,0.9483679533004761,0.3908829987049103,0.787793755531311,0.3855768144130707,0.47321251034736633,0.34636932611465454,0.8696332573890686,0.07392950356006622,0.9094210863113403,0.3641971945762634,0.8137811422348022,0.40854009985923767,0.5187459588050842,0.3247268795967102,0.8891955018043518,0.09655047953128815,0.8437699675559998,0.4162404537200928,0.8326206207275391,0.3913916349411011,0.6134004592895508,0.40172117948532104,0.9077338576316833,0.05366131663322449,0.8830238580703735
2,0.41748279333114624,0.24245890974998474,-0.16860739886760712,0.9942573308944702,0.41272979974746704,0.22226744890213013,-0.15259027481079102,0.9880801439285278,0.412515789270401,0.22188518941402435,-0.1527099311351776,0.9884322881698608,0.41192111372947693,0.2217540591955185,-0.15280120074748993,0.9909353256225586,0.4073953628540039,0.22294235229492188,-0.19526170194149017,0.9907472729682922,0.40332984924316406,0.22330684959888458,-0.19528242945671082,0.9904269576072693,0.3983934223651886,0.22426170110702515,-0.19541729986667633,0.9921807646751404,0.3944382667541504,0.22752493619918823,-0.0605398528277874,0.9876254796981812,0.37971198558807373,0.23281674087047577,-0.24888840317726135,0.9896776080131531,0.4133024215698242,0.2632138133049011,-0.12954045832157135,0.9835665225982666,0.4070078432559967,0.2636176347732544,-0.18457838892936707,0.9928876161575317,0.38535064458847046,0.324990451335907,0.09317229688167572,0.9952107667922974,0.3457498252391815,0.327778160572052,-0.32207733392715454,0.9992779493331909,0.4067201614379883,0.4405929148197174,0.14212669432163239,0.050419121980667114,0.35603734850883484,0.4760683476924896,-0.3884769082069397,0.9730432629585266,0.48132461309432983,0.4323582053184509,0.06948631256818771,0.18805132806301117,0.4472889006137848,0.43210989236831665,-0.40504932403564453,0.9627526998519897,0.49576324224472046,0.43283477425575256,0.06220352649688721,0.2528890371322632,0.4716406464576721,0.42711666226387024,-0.44898825883865356,0.9494320154190063,0.49487048387527466,0.41398656368255615,0.03191544488072395,0.2608608305454254,0.47215619683265686,0.40719783306121826,-0.43446508049964905,0.9448685050010681,0.498464971780777,0.41486579179763794,0.052538566291332245,0.25661739706993103,0.4639933705329895,0.40742284059524536,-0.39864251017570496,0.9089821577072144,0.3573906123638153,0.5555511116981506,0.1312924474477768,0.9809974431991577,0.327965646982193,0.5743811726570129,-0.13117000460624695,0.9862222671508789,0.43605050444602966,0.6628032326698303,0.18667002022266388,0.38763898611068726,0.4231477379798889,0.7122301459312439,-0.13444745540618896,0.9489001631736755,0.3888949453830719,0.8061766028404236,0.34612515568733215,0.47941118478775024,0.34593406319618225,0.8697736263275146,0.030191218480467796,0.9103518128395081,0.36392542719841003,0.8301427364349365,0.35845065116882324,0.5236567854881287,0.32466813921928406,0.8893261551856995,0.04576440528035164,0.8426117897033691,0.41623878479003906,0.8397063612937927,0.32990577816963196,0.6148144006729126,0.4013698995113373,0.9076143503189087,-0.005030961241573095,0.8826278448104858
2,0.41848063468933105,0.22866062819957733,-0.146691232919693,0.9941768646240234,0.41367053985595703,0.20847314596176147,-0.13215255737304688,0.9876128435134888,0.4133070111274719,0.20824871957302094,-0.13226544857025146,0.9880338907241821,0.4126218259334564,0.208088681101799,-0.1323421597480774,0.99051833152771,0.40929627418518066,0.209064781665802,-0.1749483346939087,0.9904331564903259,0.40571731328964233,0.2094595730304718,-0.17498645186424255,0.990248441696167,0.4014776647090912,0.21025271713733673,-0.17512981593608856,0.9919927716255188,0.39458298683166504,0.21643683314323425,-0.04467809945344925,0.9868787527084351,0.3814094066619873,0.2211884707212448,-0.23506763577461243,0.9894903898239136,0.41363248229026794,0.2522338032722473,-0.10871847718954086,0.9832547307014465,0.4075142443180084,0.251681387424469,-0.16410839557647705,0.9928556084632874,0.38499942421913147,0.3216630220413208,0.10860316455364227,0.9949324131011963,0.34615135192871094,0.3131784200668335,-0.3112347722053528,0.9992768168449402,0.4055815637111664,0.43889549374580383,0.17818276584148407,0.05006725713610649,0.35631850361824036,0.4644269347190857,-0.3919183015823364,0.9719516038894653,0.4802096486091614,0.428810715675354,0.1083705797791481,0.18239976465702057,0.4461458623409271,0.42632895708084106,-0.43161195516586304,0.9626296758651733,0.49171075224876404,0.4270731806755066,0.10335128009319305,0.24583196640014648,0.470207542181015,0.42065468430519104,-0.47883081436157227,0.9496030211448669,0.5046888589859009,0.4084595739841461,0.07186845690011978,0.2535081207752228,0.46978288888931274,0.4002869427204132,-0.46101897954940796,0.9447968006134033,0.4997471868991852,0.409904420375824,0.09060860425233841,0.24963049590587616,0.4620368480682373,0.40079620480537415,-0.4247220456600189,0.9084707498550415,0.3569660484790802,0.5514955520629883,0.13159620761871338,0.9810285568237305,0.3285965025424957,0.5671403408050537,-0.13146841526031494,0.9860906600952148,0.43119463324546814,0.6629940271377563,0.19580550491809845,0.3872951865196228,0.4225538671016693,0.7095754146575928,-0.12064401060342789,0.9500709772109985,0.3875003159046173,0.8177288174629211,0.35525020956993103,0.4877549409866333,0.34580767154693604,0.8699169158935547,0.04834624379873276,0.9121688604354858,0.3630215525627136,0.8435477614402771,0.3669017553329468,0.5309971570968628,0.32461056113243103,0.8894916772842407,0.0636613517999649,0.8435878157615662,0.4170662760734558,0.8418958187103271,0.33347541093826294,0.6204681992530823,0.40105828642845154,0.9073378443717957,0.01027701050043106,0.8839592337608337
2,0.41884931921958923,0.2234792709350586,-0.1315370500087738,0.9936686158180237,0.414390504360199,0.20119398832321167,-0.11822699010372162,0.9860743880271912,0.41386374831199646,0.2006857842206955,-0.11833511292934418,0.9866316318511963,0.4130396842956543,0.2001071572303772,-0.11840149015188217,0.98927903175354,0.41035813093185425,0.20123161375522614,-0.1624109447002411,0.9894121289253235,0.40681323409080505,0.20096221566200256,-0.162457674741745,0.989507257938385,0.4026826322078705,0.2009274959564209,-0.16260764002799988,0.9913321137428284,0.3945694863796234,0.2058447003364563,-0.032974161207675934,0.9848506450653076,0.38178616762161255,0.2094806581735611,-0.22964569926261902,0.9886680245399475,0.4134429097175598,0.24636653065681458,-0.09349710494279861,0.9818792939186096,0.4073304235935211,0.24517206847667694,-0.15074311196804047,0.9922760725021362,0.38455697894096375,0.3086291551589966,0.12141217291355133,0.9946987628936768,0.3463383913040161,0.29839879274368286,-0.3087342381477356,0.9992804527282715,0.39003482460975647,0.4334569275379181,0.21245113015174866,0.04914206638932228,0.35640087723731995,0.4479483962059021,-0.39985641837120056,0.9712010025978088,0.47522854804992676,0.43698200583457947,0.1564496010541916,0.174432173371315,0.445190966129303,0.41193026304244995,-0.4453713297843933,0.9627389907836914,0.4862169325351715,0.4387562572956085,0.15555526316165924,0.23611964285373688,0.46968692541122437,0.40521442890167236,-0.49401193857192993,0.9500895738601685,0.5010519027709961,0.42241790890693665,0.12109120935201645,0.2435438483953476,0.46945375204086304,0.3845921754837036,-0.4761907458305359,0.9451233148574829,0.49545997381210327,0.42210352420806885,0.13831421732902527,0.24009551107883453,0.4617736339569092,0.3852604925632477,-0.43865495920181274,0.9083673357963562,0.35673877596855164,0.5450127124786377,0.13312025368213654,0.9814580082893372,0.3292863070964813,0.5581783056259155,-0.13302883505821228,0.9864427447319031,0.4217923581600189,0.6639770269393921,0.20854394137859344,0.39025595784187317,0.4187065064907074,0.7059566378593445,-0.1146220713853836,0.9516252875328064,0.38078418374061584,0.8216774463653564,0.3675510585308075,0.5029445886611938,0.34574729204177856,0.8699556589126587,0.0508919358253479,0.9161444306373596,0.3555975556373596,0.8470558524131775,0.38028061389923096,0.5435732007026672,0.3246905505657196,0.8895362019538879,0.06528197973966599,0.8475003242492676,0.4162808358669281,0.8432144522666931,0.34720364212989807,0.6329017281532288,0.400289922952652,0.9073458909988403,0.00873657502233982,0.8884437084197998
2,0.4191836416721344,0.2130938470363617,-0.14040984213352203,0.9940850138664246,0.4150785803794861,0.18854254484176636,-0.12650416791439056,0.987048864364624,0.4143927991390228,0.18816372752189636,-0.12660571932792664,0.987538754940033,0.4134797155857086,0.1875966191291809,-0.12667760252952576,0.9899730086326599,0.41113096475601196,0.18873579800128937,-0.17025843262672424,0.9901660680770874,0.4074065089225769,0.18872703611850739,-0.17030295729637146,0.9902647137641907,0.40314435958862305,0.18870334327220917,-0.17043720185756683,0.9919574856758118,0.39448878169059753,0.19408564269542694,-0.03849618881940842,0.9857281446456909,0.3817894458770752,0.1973618119955063,-0.23395676910877228,0.9894829988479614,0.4129219949245453,0.23562650382518768,-0.10161544382572174,0.9831052422523499,0.40686407685279846,0.2343052178621292,-0.15836772322654724,0.9928209185600281,0.38327500224113464,0.29354411363601685,0.11816923320293427,0.9947210550308228,0.34647443890571594,0.2846628725528717,-0.3090006411075592,0.9993196725845337,0.3861057162284851,0.4189658761024475,0.20616760849952698,0.048680003732442856,0.3563421368598938,0.4308570623397827,-0.3914446234703064,0.9720426201820374,0.4559866487979889,0.403142511844635,0.1011379137635231,0.16819240152835846,0.44497066736221313,0.3974822759628296,-0.40636277198791504,0.9635618925094604,0.468661367893219,0.4026086926460266,0.08879387378692627,0.22869646549224854,0.4688064455986023,0.3862358331680298,-0.45063847303390503,0.9511259198188782,0.4773479998111725,0.38508278131484985,0.06174547225236893,0.23578810691833496,0.46872013807296753,0.3656952977180481,-0.43436598777770996,0.9462078213691711,0.4715765416622162,0.38521721959114075,0.08399762213230133,0.23233212530612946,0.46127229928970337,0.36841335892677307,-0.3992549777030945,0.9096074104309082,0.3557663857936859,0.5371339321136475,0.13404960930347443,0.9819251298904419,0.3274744153022766,0.5482748746871948,-0.13395467400550842,0.9869855046272278,0.41982370615005493,0.6625921130180359,0.22708530724048615,0.40716877579689026,0.4122185707092285,0.7009280920028687,-0.12368061393499374,0.9539390802383423,0.37842485308647156,0.8196204304695129,0.38617950677871704,0.5228524804115295,0.3455369174480438,0.8699216842651367,0.004482992924749851,0.9203634262084961,0.3547183573246002,0.8454037308692932,0.3960734009742737,0.5579193234443665,0.32485541701316833,0.889500081539154,0.013526126742362976,0.8513734936714172,0.41629037261009216,0.8445754647254944,0.35784485936164856,0.648992121219635,0.39953726530075073,0.9072935581207275,-0.06185498088598251,0.893886923789978
2,0.4212745130062103,0.18373753130435944,-0.14449875056743622,0.9943826794624329,0.4157266616821289,0.164701446890831,-0.13034704327583313,0.9878054261207581,0.4148305356502533,0.16447092592716217,-0.13044828176498413,0.9882545471191406,0.4137392044067383,0.16407492756843567,-0.13052693009376526,0.9905223846435547,0.4125176966190338,0.16565008461475372,-0.1732824444770813,0.9907351732254028,0.4091106057167053,0.16623830795288086,-0.17332513630390167,0.9908525943756104,0.40526920557022095,0.16673363745212555,-0.17345526814460754,0.9924411773681641,0.3945804834365845,0.174128457903862,-0.04157095029950142,0.9863876700401306,0.38446128368377686,0.17782415449619293,-0.23747305572032928,0.9901306629180908,0.4152534008026123,0.20676177740097046,-0.10563191026449203,0.9841396808624268,0.41078701615333557,0.20527762174606323,-0.16160637140274048,0.9932770133018494,0.38300102949142456,0.28083106875419617,0.11665797233581543,0.9948083758354187,0.34659403562545776,0.2701665163040161,-0.32143649458885193,0.9993536472320557,0.3865761160850525,0.3982817530632019,0.19992756843566895,0.048052284866571426,0.3552568256855011,0.4162592887878418,-0.412479966878891,0.9726067781448364,0.4505765438079834,0.39407721161842346,0.1034226045012474,0.16185453534126282,0.441610723733902,0.38489311933517456,-0.44468212127685547,0.9638835787773132,0.46348851919174194,0.39444810152053833,0.09300239384174347,0.2209261953830719,0.46535444259643555,0.3759072422981262,-0.49316611886024475,0.9515876770019531,0.472222238779068,0.3757031261920929,0.0638316422700882,0.22786280512809753,0.46612438559532166,0.3558788299560547,-0.48138245940208435,0.9466173052787781,0.46708789467811584,0.37538567185401917,0.08592195063829422,0.22402967512607574,0.4582549035549164,0.3583590090274811,-0.439769446849823,0.9096090793609619,0.35556885600090027,0.5278774499893188,0.1369631141424179,0.9825883507728577,0.32587966322898865,0.5371342301368713,-0.13686487078666687,0.9876281023025513,0.41741156578063965,0.6616694331169128,0.24149832129478455,0.422894150018692,0.40705758333206177,0.6957253217697144,-0.13343650102615356,0.9563191533088684,0.37267541885375977,0.8212410807609558,0.40415245294570923,0.5446423292160034,0.3454758822917938,0.8699036836624146,-0.006386634893715382,0.9250175952911377,0.3513011932373047,0.848883330821991,0.41371750831604004,0.5748801827430725,0.32520321011543274,0.8895047307014465,0.0020786693785339594,0.8569360375404358,0.416271448135376,0.8506039381027222,0.36236271262168884,0.6665539145469666,0.39925187826156616,0.9072577953338623,-0.0818130224943161,0.8999947309494019
2,0.42124301195144653,0.14563101530075073,-0.13583490252494812,0.9945250749588013,0.4152378439903259,0.12612847983837128,-0.12159786373376846,0.9884499311447144,0.4140259325504303,0.12519386410713196,-0.1216995120048523,0.9888654947280884,0.41261547803878784,0.12424372881650925,-0.12176897376775742,0.9910230040550232,0.4124743938446045,0.12671314179897308,-0.16967563331127167,0.9911307096481323,0.40911611914634705,0.1263953149318695,-0.16970880329608917,0.991288423538208,0.40559133887290955,0.12620116770267487,-0.16982218623161316,0.992813766002655,0.393043577671051,0.12884975969791412,-0.033815477043390274,0.9870445728302002,0.38511210680007935,0.13249821960926056,-0.24363593757152557,0.9906914234161377,0.4145757555961609,0.16521193087100983,-0.09694798290729523,0.9851579070091248,0.4107045531272888,0.1653457134962082,-0.15901485085487366,0.9936238527297974,0.37169894576072693,0.23108620941638947,0.13017012178897858,0.9951015710830688,0.3486084043979645,0.2300751656293869,-0.3376833498477936,0.9993950724601746,0.36452212929725647,0.36655527353286743,0.2656339704990387,0.04616262763738632,0.3554283380508423,0.3803342282772064,-0.4013509154319763,0.9741266369819641,0.41464322805404663,0.38004210591316223,0.243050217628479,0.15116998553276062,0.44624167680740356,0.3403184711933136,-0.36762404441833496,0.9654713273048401,0.42250460386276245,0.3842654824256897,0.24430255591869354,0.2069549858570099,0.4682994484901428,0.3288933038711548,-0.41075611114501953,0.9533236026763916,0.4306209683418274,0.36732056736946106,0.21016117930412292,0.21341323852539062,0.4666345715522766,0.310331791639328,-0.40064874291419983,0.948424220085144,0.4288894236087799,0.3657130002975464,0.2252146303653717,0.20990301668643951,0.45858892798423767,0.31365683674812317,-0.36198192834854126,0.9121370315551758,0.34874799847602844,0.4991052746772766,0.14493843913078308,0.983755886554718,0.32540470361709595,0.5048938989639282,-0.14482998847961426,0.9884882569313049,0.392132043838501,0.661147952079773,0.25719207525253296,0.42122578620910645,0.38610538840293884,0.6882436275482178,-0.09526266157627106,0.9549381732940674,0.3559480309486389,0.82811439037323,0.4219033122062683,0.5507728457450867,0.3442017734050751,0.8695199489593506,0.022053945809602737,0.9267281889915466,0.33826330304145813,0.8543493747711182,0.43165597319602966,0.5800124406814575,0.3251775801181793,0.8898731470108032,0.009138291701674461,0.860369086265564,0.4139971137046814,0.8531346917152405,0.36312031745910645,0.6756269335746765,0.3992155194282532,0.9076682329177856,-0.039025671780109406,0.9037055373191833
2,0.4211447238922119,0.13276539742946625,-0.13699553906917572,0.994910478591919,0.41393351554870605,0.11068939417600632,-0.12153898179531097,0.9893829822540283,0.41234102845191956,0.10980618000030518,-0.1216355413198471,0.9897461533546448,0.41050487756729126,0.10903358459472656,-0.12171323597431183,0.9917446374893188,0.4118718206882477,0.11193040013313293,-0.17049479484558105,0.9918126463890076,0.4088022708892822,0.11195839196443558,-0.17051976919174194,0.9919653534889221,0.40550607442855835,0.11202401667833328,-0.17062489688396454,0.9933791160583496,0.3906002342700958,0.11563386023044586,-0.028163764625787735,0.98805832862854,0.3851624131202698,0.11944572627544403,-0.24408161640167236,0.9914692640304565,0.41392064094543457,0.15256942808628082,-0.0964476615190506,0.9864165782928467,0.4106175899505615,0.15211978554725647,-0.1596311628818512,0.994124174118042,0.36845889687538147,0.2237357348203659,0.14479288458824158,0.9954128861427307,0.3487509787082672,0.21884280443191528,-0.3387385904788971,0.9994348287582397,0.3655635416507721,0.3607281446456909,0.28695324063301086,0.04572540521621704,0.3556118309497833,0.36620965600013733,-0.39694949984550476,0.9754663109779358,0.42694419622421265,0.33723747730255127,0.2755264639854431,0.1505088210105896,0.45085740089416504,0.32578644156455994,-0.3621606230735779,0.967464029788971,0.438178151845932,0.33109405636787415,0.2791711688041687,0.2048799842596054,0.471248060464859,0.31321409344673157,-0.4066658914089203,0.9556387066841125,0.44559726119041443,0.3074989318847656,0.24731096625328064,0.21105876564979553,0.467747300863266,0.2944278120994568,-0.3940727412700653,0.9508533477783203,0.44428008794784546,0.31648656725883484,0.25847530364990234,0.20712842047214508,0.4611833095550537,0.29818007349967957,-0.3559899926185608,0.9158260226249695,0.34836098551750183,0.49058452248573303,0.1487113982439041,0.984808087348938,0.3252713084220886,0.4956917464733124,-0.14855661988258362,0.9890989065170288,0.38390064239501953,0.6614772081375122,0.2512318789958954,0.41402286291122437,0.3771889805793762,0.6863046884536743,-0.05602504685521126,0.9531537294387817,0.34907394647598267,0.8304922580718994,0.41254767775535583,0.5535358190536499,0.3430826961994171,0.8682258725166321,0.10347960889339447,0.92861008644104,0.3328913450241089,0.8586757183074951,0.4241737425327301,0.5861062407493591,0.32516273856163025,0.8896726965904236,0.11199204623699188,0.8659728765487671,0.4106528162956238,0.8550322651863098,0.34876200556755066,0.6830205321311951,0.3991604447364807,0.9097976088523865,0.014335788786411285,0.9074762463569641
2,0.42075663805007935,0.1217326745390892,-0.1368628442287445,0.9953137636184692,0.4122142791748047,0.09943149238824844,-0.12090271711349487,0.9903057217597961,0.4105892777442932,0.09877925366163254,-0.120994433760643,0.9906156063079834,0.40876254439353943,0.09824776649475098,-0.12106607109308243,0.9924505352973938,0.4104916453361511,0.10096429288387299,-0.1695711612701416,0.9925015568733215,0.4077085554599762,0.10139206796884537,-0.1696021407842636,0.9926348924636841,0.4046158194541931,0.10191430896520615,-0.16969379782676697,0.9939395785331726,0.38933616876602173,0.10791780054569244,-0.026073139160871506,0.9890286326408386,0.38445669412612915,0.11254888027906418,-0.242202490568161,0.9922224879264832,0.4135023057460785,0.1421635001897812,-0.09569947421550751,0.9876197576522827,0.4105498790740967,0.14129586517810822,-0.15834158658981323,0.9946186542510986,0.36648330092430115,0.21366120874881744,0.14419028162956238,0.9956761002540588,0.3489713966846466,0.2080257683992386,-0.33539944887161255,0.9994730353355408,0.3665420413017273,0.34954172372817993,0.25533461570739746,0.04587308689951897,0.35471111536026,0.35377058386802673,-0.3622407615184784,0.976712167263031,0.4332767128944397,0.3177218735218048,0.20345155894756317,0.15364333987236023,0.4503141939640045,0.3185669183731079,-0.2845001816749573,0.9689226746559143,0.4442008435726166,0.3092001974582672,0.2007322758436203,0.20761601626873016,0.47129446268081665,0.30811771750450134,-0.3212259113788605,0.9571439027786255,0.45299243927001953,0.28876426815986633,0.16939328610897064,0.21367135643959045,0.46813106536865234,0.28829383850097656,-0.3116968870162964,0.9524197578430176,0.4480021595954895,0.29353946447372437,0.18583065271377563,0.2094501256942749,0.46140971779823303,0.2903369069099426,-0.2780144512653351,0.918504536151886,0.3474745750427246,0.484817773103714,0.14712457358837128,0.985649585723877,0.32546478509902954,0.490572452545166,-0.1469728648662567,0.9895982146263123,0.37724336981773376,0.6613426208496094,0.252841591835022,0.4042488932609558,0.37372320890426636,0.6834239959716797,-0.039740320295095444,0.9516035318374634,0.3472711741924286,0.8280552625656128,0.4112590253353119,0.5478660464286804,0.3423699736595154,0.86669921875,0.113700732588768,0.9290339946746826,0.33074575662612915,0.857499897480011,0.42170801758766174,0.5844157338142395,0.3251817226409912,0.8897107243537903,0.12368552386760712,0.8693073987960815,0.40880218148231506,0.8544391393661499,0.353792279958725,0.6842334866523743,0.3995285630226135,0.9104690551757812,0.024097319692373276,0.9096250534057617
2,0.4193851053714752,0.11713241785764694,-0.13167206943035126,0.9956839084625244,0.41072219610214233,0.09404473006725311,-0.11508287489414215,0.9911491274833679,0.40912681818008423,0.0933297872543335,-0.11517146974802017,0.991411030292511,0.4073248505592346,0.09264977276325226,-0.11523158848285675,0.993092954158783,0.40897518396377563,0.09515199810266495,-0.16473263502120972,0.9931348562240601,0.4063076376914978,0.0951472818851471,-0.16477283835411072,0.9932469725608826,0.4033425450325012,0.09517993032932281,-0.1648547202348709,0.9944493770599365,0.3881029486656189,0.10046888887882233,-0.01672957092523575,0.9898715615272522,0.3837173581123352,0.10423373430967331,-0.23754267394542694,0.9929105043411255,0.4112890660762787,0.13502532243728638,-0.08896605670452118,0.9887287616729736,0.40892234444618225,0.1346772015094757,-0.15284456312656403,0.9950803518295288,0.3652346134185791,0.2036798596382141,0.15313729643821716,0.9959321618080139,0.34893864393234253,0.1966935098171234,-0.3350790739059448,0.9995118379592896,0.36450865864753723,0.3417978286743164,0.24082119762897491,0.045473698526620865,0.35405704379081726,0.34506022930145264,-0.34985530376434326,0.9777400493621826,0.4355522096157074,0.3115519881248474,0.09563197195529938,0.15545426309108734,0.4494430124759674,0.31296679377555847,-0.2591184675693512,0.9697727560997009,0.4492618143558502,0.30616888403892517,0.08002153784036636,0.21035803854465485,0.47082415223121643,0.30259281396865845,-0.29399973154067993,0.9579782485961914,0.4543986916542053,0.2862646281719208,0.05044474080204964,0.21647332608699799,0.4671815037727356,0.28253433108329773,-0.28678515553474426,0.9533180594444275,0.44825395941734314,0.2869226038455963,0.07544723898172379,0.21209406852722168,0.4600830674171448,0.2840237021446228,-0.2526790499687195,0.9200013875961304,0.3477330505847931,0.4765356481075287,0.14724430441856384,0.9864913821220398,0.3268224000930786,0.4807685613632202,-0.14710867404937744,0.9901716113090515,0.3719615042209625,0.6603512167930603,0.26792198419570923,0.40380674600601196,0.3695114552974701,0.6792451739311218,-0.048704516142606735,0.9523220658302307,0.34849491715431213,0.8253175020217896,0.4375644624233246,0.5538103580474854,0.34185677766799927,0.8641440868377686,0.09531896561384201,0.9317794442176819,0.3328174650669098,0.8563700914382935,0.4481111466884613,0.5923812389373779,0.32546645402908325,0.8891761302947998,0.10600229352712631,0.8741986155509949,0.40911030769348145,0.8528664708137512,0.37854844331741333,0.6927878260612488,0.4000224471092224,0.9104384779930115,-0.003376443637534976,0.9138079881668091
